b_id,name,coup_id,trans_id,train_id
M1001,Tess Rodwell,5,c47ad4f0-4750-4535-9e68-8f0848c7b395,54890
M1002,Lara Jarvis,7,7e95b651-3805-4afb-bb14-136a9ed448bb,1212123
M1003,Jolene Doherty,2,3ad22300-7805-40d7-a19f-8226e3785ecb,205854
M1004,Carmen Franks,10,813fc10e-fca3-4f9d-b301-20c43c9641ef,690047
M1005,Gabriel Plant,4,a98c5293-5bc8-4942-a802-39b631bf1fca,1389629
M1006,Harriet Ramsey,10,eb9f16c0-ca0d-4c27-8f0c-0deda3525f92,579357
M1007,Charlotte Clark,3,b9ac9e11-a1c4-4ed4-84f0-2d8645987869,1476577
M1008,Rosie Moore,1,cabda801-c1eb-4db0-a020-5fed0b20a559,866708
M1009,Kurt Harris,7,b7ba2611-b168-425b-96a5-92f98d7e47d6,884932
M1010,Josh Tanner,5,07f355fe-96ed-4187-af62-ed2182e16136,1381977
M1011,Morgan Kerr,5,37c423ae-9991-4a55-af2d-ccf4eb785fe4,490222
M1012,Joseph Briggs,6,3dca4374-d3ba-4c16-b651-19d9524ef905,1372945
M1013,Carmen West,9,4ff894c7-c784-429b-a5bb-e9a0ae39311c,55596
M1014,Hanna Collingwood,1,01e37875-548f-493f-ae64-b528b8c48de1,1300533
M1015,Britney Hooper,2,362376ca-6e18-44f2-9f53-2f709f137c43,406317
M1016,Cedrick Burnley,9,96fcbb48-155f-4309-b1a9-592d7c059680,1326883
M1017,Sylvia Nanton,2,ae243aa8-d00a-46c8-99e1-001908fff485,429530
M1018,John Sherry,6,3b538ea7-76ec-44db-a729-b51f8f40c7c7,674807
M1019,Gemma Goldsmith,7,4625f3d6-4311-4352-99e0-600cded18825,184050
M1020,Caydence Fields,8,d971fc01-f4d2-4867-9a8d-38ddbc70edf7,621812
M1021,Alex Bingham,10,c5cb4074-dd55-4ca1-a1dd-ff51cbb19fc6,761657
M1022,Catherine Thornton,1,1798c6a6-f0f8-4980-b1ce-0a5efbf69651,398476
M1023,Kurt Dempsey,4,1aa30db4-7e8d-4e9e-86f7-31848c49d8d5,654002
M1024,Macy Ward,6,dbd1546c-6309-4300-b388-baad1961ef24,1051250
M1025,Logan Norton,10,d80441ff-dee4-485a-b3d5-9834f9d61145,1432888
M1026,Shannon Hogg,5,c5a48030-5b2c-4786-abe3-c1d40b93e6eb,1097742
M1027,Barry Shea,7,7ff7b631-5538-4fc7-85b1-de215178dcf0,297286
M1028,Shannon Carter,2,85f15ea6-1d7e-4dac-a60c-5da91d8ac7b2,1066477
M1029,Mavis Mcguire,7,9e32392f-7e9a-44c5-a6d3-71bdc3f7a1cb,1453068
M1030,Gil Smith,4,6fd11c7c-bddf-4a9a-bc3f-320593eb8978,726020
M1031,Shannon Tobin,2,77598d6d-438e-4b6b-bfd4-8354add97a17,918101
M1032,Rihanna Marshall,6,5f913122-7d6b-4263-9dfb-ef684529a156,549879
M1033,Barney Whatson,7,9442dcb3-449d-4403-b405-f2f4c52a2695,682539
M1034,Russel Snell,2,6acaea60-21f4-4915-8e3f-e1feafaa84dd,789371
M1035,Johnathan Cooper,2,6521f635-e792-431e-a1e2-fef438724ea3,405531
M1036,Hank Michael,8,9fd31ce6-0de7-4685-9ab8-54610df84cfb,372163
M1037,Harry Warner,4,6fc858e6-4932-4b51-b08d-0a412c2f5090,1128675
M1038,Bryce Farrow,9,946a52d0-d9c1-4c33-ae3f-160d0c7817ab,1235809
M1039,Brad Poole,9,14ec8fec-cadf-45dc-a2db-1e7b63c32e4c,513204
M1040,Barney Hastings,8,f124ae81-0bd3-4d4e-a93f-4b1dd88549a4,1165661
M1041,Rosie Locke,10,d9fd30e1-3090-46d5-a5b1-5742e812b5a7,1149199
M1042,Molly Wright,10,83150e57-f3e7-4c6d-a9db-e8b50daf80ca,920205
M1043,David Robe,2,b905e7b3-f854-491d-a9a0-db64b662611c,1330852
M1044,Hailey Isaac,2,b97eb724-1dc1-4740-94de-c9f155e9dacf,85419
M1045,Nick Knott,7,b9f8ef40-30d6-4f7c-b029-80dce774a471,352893
M1046,Sonya Adams,10,9ca1977d-3193-46a1-9e5e-fc28e7fb618d,1464657
M1047,Daniel Phillips,10,20d34d09-4194-4381-8af8-fd30230410d6,945901
M1048,Rosie Devonport,6,760ad769-4f73-4509-a043-76f08ac3b825,441457
M1049,Carter Rossi,5,192f2d9d-d428-4465-88ba-6c30f80ee802,758562
M1050,Logan Thorne,4,55450e4e-d35b-45ad-ae6e-be289f003d85,561728
M1051,Boris Collins,10,419c77b7-0665-459b-a59d-79cbb5ba33bf,1250789
M1052,Logan Casey,9,5fd59e43-1573-4e87-bfea-baa1d789bbab,314851
M1053,Peyton Forth,5,72bb2421-f868-45c9-aae4-a485efbd6bb2,1269001
M1054,Jenna Hamilton,4,2009302e-72cd-4d05-b947-710f637608fd,1113965
M1055,Denis Benfield,6,b43c856b-cc7c-4500-bb23-22dc701eadbd,999195
M1056,William Miller,3,4426b033-9ddd-46c4-8286-2267ec808f94,1028207
M1057,Samara Huggins,7,6ef4e188-48d5-4dff-85aa-fd8c592e84ec,921729
M1058,Camila Knott,2,0f65e24a-f79b-4c12-82ef-a3ad59ab6b1e,1385934
M1059,Clarissa Khan,8,f974d8c9-54ce-482a-b0e6-6579376dc45c,814422
M1060,Nathan Lee,3,d597230d-3df1-4cdb-ae8f-f7b1a7ddaf98,1057886
M1061,Ilona Ramsey,10,05bd3f4c-1c43-4eca-97b5-56fae1854c71,758712
M1062,Tyler Owens,9,98ad3cf3-315b-4145-bfdf-35cfa183a512,911909
M1063,Renee Hunter,6,9273e38a-2313-49fd-9c85-1a72df6eb6b7,543738
M1064,Nicholas Neal,4,072f649f-4056-447c-93bb-27db915752ac,1145045
M1065,Bryon West,2,cbcffc0c-5e73-43a4-92bd-aba509ebe1e1,912407
M1066,Henry Glass,2,0f13b352-cf17-4743-b782-092608110989,114193
M1067,Zara Quinnell,3,a190d2ce-d5a3-4ec1-a666-8c5123b3cb07,1101353
M1068,Owen Radcliffe,3,d12e95c4-d53d-4684-87b2-e737571c3070,103125
M1069,Daniel Callan,2,9a2a1f99-c9f1-42e5-b35d-e8c0ee0e1ddf,68642
M1070,Lexi Mcgee,2,0add48e8-9fc5-4070-84b4-0076cadf8d4a,3513
M1071,Melody Knott,9,6b49ebd6-5c8d-4ec2-8122-25a09a20fec1,616467
M1072,Chloe Stewart,3,14258049-b752-4744-becc-8fae33407d62,112246
M1073,Chuck Lakey,10,47375756-0ffe-48cb-b9fc-535226ccf68b,880443
M1074,Denis Amstead,7,82df3a6b-6548-4696-95e0-4873b46bd803,33385
M1075,Logan Ventura,6,e992fc06-8fa2-44f2-98a7-2f3474b80997,1213287
M1076,Melanie Redden,10,88beda31-f8cb-4708-8290-3c33c7fca4f0,17639
M1077,Ronald Clifton,2,34caeda3-20b9-44b8-83a8-c59c4e0f6182,447255
M1078,Kurt Wright,3,d1012ad0-d969-41e0-a38c-15412c37fefa,354022
M1079,Sara Leslie,8,272ebe0f-ec46-4126-97a1-56cab7f43205,440087
M1080,Maddison Mccormick,7,d1b753cd-0393-44f7-b23a-ec16cd60bfc5,1249281
M1081,Nathan Gavin,3,9161fc75-7bca-4677-8639-d02d6c3e940b,262226
M1082,Goldie Adler,1,b7b95f50-f1d2-41fa-aeef-1c180018588f,724744
M1083,Janelle Sloan,3,93e3e881-974d-454c-b652-da369c7b1a96,243000
M1084,Andie Wilkinson,9,1f360e43-265e-4dbc-b532-05a935795526,672688
M1085,Rick Thomas,3,b22f7282-70d5-4c33-ab99-c08f5788c10e,253146
M1086,Elijah Yates,8,089bd823-c6b9-40c4-ad7a-bfcc8b732a76,117994
M1087,Samara Becker,7,1c7cebc1-1bcd-479b-82e9-85af7015dcb0,291726
M1088,Tyler Needham,5,4682e0dd-8061-4401-bd29-9df6a798a2e6,1141629
M1089,Matt Addison,6,b0eff60a-eb80-44a9-b932-09e11a3572c1,1479501
M1090,Elijah Underhill,3,ddec4198-3e00-41c2-8251-77a9b46a6242,1203202
M1091,Jaylene Campbell,5,f75145f8-ae42-41ed-9cf5-cf2f29f6ef4a,839325
M1092,Jayden Purvis,1,d77d175a-456a-419e-84d9-be2124110fb7,1338049
M1093,Doris Harris,5,1c8228df-4bff-426d-a35d-7c4b7ff51d89,751250
M1094,Percy Griffiths,7,f9693602-d21e-4d57-81d0-0614d107c07e,1475697
M1095,Harvey Kaur,10,a4ec3d48-9ed6-4944-a142-0222c6f091b1,523962
M1096,Cristal Trent,6,e0ab37e4-4ea6-4dac-9b8b-0d2b0cb85815,304929
M1097,Jacqueline Appleton,9,1e9019f7-f109-433b-8205-a19863200278,167850
M1098,Joseph Bryant,5,51e3f2ce-b3de-4bc0-8ffe-e2a96b2fddbc,1088771
M1099,Martin Miller,8,2ba741d5-df0f-4fd5-86a5-99bdbf5ff26d,768213
M1100,Harvey Dallas,6,6bedee21-401d-40a5-960d-2705c6011f7d,359747
M1101,Aiden Evans,10,33b4672f-d486-4b66-97ca-6d9f7e92c72d,676111
M1102,Candice Allen,4,a2cb02df-666c-4d25-89df-48ee9d085300,1370461
M1103,Cedrick Vane,1,744dca79-0959-4110-9162-23c6ec82ce0a,111041
M1104,Adelaide Addison,10,2285b6b8-fe76-4a76-9599-2fb249c52dd6,240242
M1105,Hayden Dempsey,8,0dd7cda6-feae-4ebb-80ef-69c9e1b3eaa2,679165
M1106,Goldie Stubbs,9,588eb260-bb61-4277-9a39-bba12d684981,408764
M1107,Faith Hall,4,f03cd15e-83f3-494a-8ccb-ea49863ace38,1226038
M1108,Greta Wild,1,a433f672-e1bf-4c30-92e9-d08d7a2841fd,1101943
M1109,Cara Hunt,7,b72dd931-2820-4050-92dc-1975d58b15b6,158224
M1110,Alexander Adams,2,c1695cfb-80b2-40e4-9b5d-bbbc097b0f0e,1002212
M1111,Bryon Martin,10,a557fae4-39bd-4b2b-9415-d5a1c15feb18,1003311
M1112,Hank Chadwick,7,e03cbc27-5fd8-4821-ad92-23864f377b07,845657
M1113,Leroy Whitehouse,8,9b5c2813-c35a-47f0-bd12-77e6153ad917,2687
M1114,Joseph Salt,5,721d419f-1a1e-4c24-8c20-1e19439acb49,460364
M1115,Daniel Bishop,4,06cbf5d2-3099-4b0e-96dd-548d68874de9,810346
M1116,Rufus Uddin,10,d8225bbd-7559-43ed-a366-5cad785b2d03,93914
M1117,Chuck Rogan,4,3ccbe813-c1d1-46fa-9da3-49d2dd5d832a,716985
M1118,Clint Brock,10,81c6af2b-f201-43dd-89a7-32aa9a776c39,1152986
M1119,Ema Cadman,2,ba33164d-b327-4f79-a19b-9466f6b7aeac,155604
M1120,Leilani Jennson,4,94869728-2e62-4b36-9c65-c079ce9be4a6,44773
M1121,Rosie Widdows,4,8e9a13bc-64ab-471a-9f66-68ecf6bd1edd,1365211
M1122,Luke Olivier,3,d3d4ef5e-fb27-4e26-9328-0903b11dbc33,1021529
M1123,Chadwick Waterson,1,07bbefe1-496d-41f8-b7ea-f84c6996fb70,400555
M1124,Martin Hamilton,8,5ce96b1d-1bb3-4e8d-ab4f-6faddf15bb49,27976
M1125,Selena Mcnally,2,5eee71c0-58af-4057-9f5e-b42ace1f5d23,14159
M1126,Aiden Rehman,7,24012376-193b-461f-afed-a34d7c39d03c,588027
M1127,Bryon Oswald,7,3e585d9e-028a-4933-ad98-2da9ce118a89,1362532
M1128,Owen Terry,5,1aad0a83-8fa5-4cb8-abdf-0c536fb44fbf,135607
M1129,Leah Holmes,3,592058a3-5539-488e-890c-cbe7cd29d328,766340
M1130,Logan Walsh,10,52aca895-678c-4175-ade3-0bf8a318be5b,1063283
M1131,Rhea Eaton,8,1196c4d9-0f63-4804-8e02-a9a50386dcf7,72877
M1132,Caleb Funnell,2,b2e6f50e-e5b4-45f3-ab24-0761d6fbaa41,882987
M1133,Ellen Adams,7,3914b565-617b-4279-a136-18294364e2f3,1366358
M1134,Camellia Widdows,3,4c2135bf-2c79-46e3-9758-90ca3261fbb1,445
M1135,Leroy King,1,d508ef30-dc9a-49df-abf8-417289b12380,649364
M1136,Daniel Matthews,2,3162d99c-04b6-4dd3-9d9b-2d9a7f408cb1,943033
M1137,Rocco Watson,6,0e64b6d9-63cd-496b-ac20-c90522ac7afd,420703
M1138,Bryon Haines,1,1a620839-e0bf-4d82-a1db-a6926c2ef9b8,730895
M1139,Liam Summers,2,a183fab1-3d0a-4ea2-a4b7-dd35a1aa8f50,1468134
M1140,Danny Drew,1,ecc42d59-3e79-43d7-95e2-bc0613e20744,298122
M1141,Rocco Lynch,5,bc527a5f-b151-4e4f-9d58-cfd4d1f52f33,637942
M1142,Alison Sanchez,10,42ab87d1-c200-4b6c-a32d-70a6721d6dad,838349
M1143,Analise Fowler,10,b214d859-c6b4-4abc-947f-73e47df88057,287372
M1144,Sebastian Herbert,7,3b823056-bb7f-4e25-8452-444551c91220,1146031
M1145,Jasmine Hobbs,8,f9797152-031d-4a18-ae84-75d937151e1e,490802
M1146,Angelique Jordan,3,be20743a-0cc9-473b-b85f-a84246d8e96a,1113710
M1147,Liliana Patel,3,a2baea3f-e1be-431a-ad61-be31c0d7a3f2,579651
M1148,Amy Ingram,2,68f503fc-7fad-4c2b-85aa-e4c1c2d1d1eb,848007
M1149,Celina Dowson,10,db874f62-93d4-4480-a3d4-38e288205d6f,757240
M1150,William Snow,9,27ad54b3-60dd-4586-b06a-e917ffd22a13,730080
M1151,Ronald Parker,6,2eb0da6e-bf11-41c1-84d4-59612d6c295e,812952
M1152,Caleb Penn,4,8884ad11-ad83-45ef-a1a2-7804a1b893f3,101066
M1153,Joseph Murray,9,400937f5-39f2-4b26-9fd7-1950d2997cf3,169758
M1154,Chester Payne,1,a0e2d824-d2fe-4362-90af-f35e44b32a8a,936241
M1155,Jane Purvis,7,b9eecaea-4a73-44b2-b4c3-7b9b15e87dc3,1083943
M1156,Nathan Reid,8,202c88de-ecb7-4262-8d73-9e5b2fba95fc,237265
M1157,Rosemary Ross,9,c674fc89-8575-45df-9413-99af1d25cd3f,272784
M1158,Ethan Rigg,1,2d680b15-0829-430e-90b3-4352b01afcc8,1018821
M1159,Bart Larkin,8,0660f057-8844-4f88-bb54-4511a68368c1,685385
M1160,David Robinson,8,0ddd08f2-db2e-4bfd-876c-442e8ae3761f,57961
M1161,Sloane Pearson,9,55dbc25a-2d6e-48e3-8ad8-4b1521a47eb3,316554
M1162,William Michael,2,6ee88590-cd5d-4e82-b349-341ad33c794e,721782
M1163,Joy Pratt,4,68e186ec-28a5-472a-8831-957035b58860,1094321
M1164,Russel Lindop,7,bc751f98-be62-4bf2-aa65-6c33c878d906,577438
M1165,Taylor Dowson,2,bb7e4461-b730-4d49-99c6-8b27ce141d62,582630
M1166,Rocco Mason,6,01607d0c-5dde-472d-9276-9859172baecd,869622
M1167,Mackenzie Selby,5,a8547d07-11e0-473a-a4ab-fba57f8e2a8d,948434
M1168,Mavis Vince,1,7db75d87-55f2-421e-b7d0-70ac9e6204ce,1186609
M1169,Blake Rogan,3,e31eec0f-0643-4270-a5d1-854dd73eb864,191838
M1170,Erick Bowen,3,1ab4717f-6809-474c-b68e-c98fc0d125f2,542663
M1171,Lara Rehman,5,55b1611b-d84a-41f9-a2cb-6b881938259f,259291
M1172,Shay Morris,5,ced4994f-449b-44b3-bde2-8a4664f6828c,1347416
M1173,Ron Newman,4,34737407-e97c-4048-88a7-3469ca5a6fac,381044
M1174,Doug Lomax,4,dc4387d7-f69f-4654-9b20-1c9eedd2f661,1097595
M1175,Tyson Sinclair,6,b2e0c9f1-5c99-4285-8f20-b26582a4095c,748580
M1176,Tiffany Dixon,5,52c7dcbf-d3c5-43b4-b297-c919bd01f0ba,1220430
M1177,Henry Norburn,9,2d8c9472-03cc-421d-b030-9fc722d203ff,1270991
M1178,Aiden Dubois,10,ca3ab1f0-e51b-4e04-a321-048b918461b4,1253663
M1179,Ryan Stone,1,d6926605-bd25-4a0d-ba6f-e7f463864729,742364
M1180,Michaela Jeffery,4,c3e420db-cc25-408c-8e14-3f64000d70ec,777072
M1181,Sebastian Khan,7,ccae7c97-455c-40d5-bbe7-4ea0825f47f0,529578
M1182,Valentina Bentley,10,f11c3d16-a745-4739-a3bc-a531a18638c9,76029
M1183,Daria Nielson,9,b5970b30-25d3-4d88-970a-2f0f3a01c0ca,372104
M1184,Martin Olson,1,b342a761-5ffc-443e-897e-81cb1608e113,1325157
M1185,Greta Ellis,7,f71692f8-092d-496c-b8ac-ed2c7798ec5b,507451
M1186,Matt Potter,4,d6845d97-ba54-4548-8dec-a67aa1e555e7,407715
M1187,Manuel Morrow,2,0baf0e88-0ce9-4ff2-b85a-ddc20768d95a,755326
M1188,Jacqueline Dobson,5,8102f5f3-005f-4aa1-bb09-3b8ee69dfe35,794377
M1189,Marilyn Emmett,1,b73f771f-a69f-41d8-af71-05aa867a81db,177111
M1190,Jack Hunter,7,25f199df-0054-49af-95b8-68c680d588c7,266741
M1191,Aurelia Welsch,3,37b72804-e5de-41ec-b6b3-46b7ff2f0449,626612
M1192,Russel Goldsmith,10,975b3b2e-fcc8-4165-9e71-0f6994cdef08,507171
M1193,Rosie Yarwood,7,ef375f6d-d3ef-4755-8c7c-ab310126ed81,565851
M1194,Carmen Bryson,6,33474d80-fb2c-48ae-aaf9-f829c2bab2f0,1017513
M1195,Enoch Zaoui,2,49e6193d-d47a-4f33-9343-92e3f1e4b003,1021862
M1196,Kenzie Harrison,7,5911155b-b6e1-41f5-ba0b-5623143ceb99,1002801
M1197,Tony Kidd,3,a151c101-6d4a-4a56-bd6f-5272c832bbde,560213
M1198,Enoch Osmond,9,d45932fb-2d7a-4b27-aac7-baa6e383dbb2,61408
M1199,Maria Callan,6,85cce335-1e73-4e0d-a9ae-ba8115fb3457,772921
M1200,Joseph Becker,5,52e0a102-5788-4293-a596-5dba8ea03919,857899
M1201,Nicholas Dale,4,b580b867-89b9-40cb-aa51-c56c77396221,664011
M1202,Aeris Stone,1,721e8c82-f586-4696-8461-c2db90783824,750410
M1203,Joseph Kent,4,6d198c3e-3046-4aee-958c-f1282e1a8797,1400342
M1204,Savannah Richards,5,8ba819a8-b013-401b-a30e-8591a344cb92,1397847
M1205,Wade Tennant,5,87d814b6-e384-43d8-af11-f8f8bd515e0c,1187259
M1206,Gil Reynolds,10,96a23a49-9f16-4540-983d-c0dcdea6991a,101858
M1207,Isla Knott,2,675f3736-ab51-4159-92d4-faa0b10e76a2,290212
M1208,Noemi Bell,9,924a2f7a-c267-403e-a9b4-149825910d5e,509819
M1209,Eduardo Grady,3,2b004449-0068-41b9-8dc8-2f9bd2c3446b,454995
M1210,Owen Morrow,4,f90f870e-7caa-4f02-8748-8d0e17787cdc,420070
M1211,William Norris,9,63f09d03-4ac5-42d0-b10d-1023ddc7e099,1159669
M1212,Chris Tutton,3,b747ba02-eaaa-49ce-a0fe-4ce2c08e73d4,1367352
M1213,Rocco Dubois,6,190e4103-24d4-4ede-8197-7d4a132154c6,380354
M1214,Cecilia Neal,9,c5274bf2-cacc-4ce8-8852-ebd44b989037,85772
M1215,Maddison Thomson,9,304f2998-3dbf-4820-bf51-6542bc523f24,1417598
M1216,Nicholas Morrow,9,5533e367-3c1d-4bfd-b02e-6f9502acf682,509719
M1217,Angelica Smith,3,72a59dbc-481f-4468-8fef-b5a95367ee86,54622
M1218,Phoebe Rees,6,786c548e-0b57-40b1-a8a0-803fe537d028,743616
M1219,Enoch Mitchell,10,df6ab47f-8ad4-4ed7-b122-2ce8e2929a38,1387521
M1220,Tony Everett,7,77931124-7416-4949-9bce-eece9a06cfd9,1316367
M1221,Noemi Notman,1,6e4b0dd5-b416-4785-914a-4c61df6f558a,1372729
M1222,Mason Rogers,3,74fb138f-2de5-4571-9fb2-ca68bbbdac72,157043
M1223,Carl Turner,5,5a764358-34ce-4772-a7cc-c48426cc90e1,1217633
M1224,Candace Oswald,9,c73f1afd-de1c-4e16-b4eb-18d237c38801,869085
M1225,John Reynolds,7,81bae1cc-0d2c-42f5-80b6-75c778eb02a6,1053852
M1226,Mark Antcliff,10,8998753d-a782-4202-b0da-548fce2cc911,395874
M1227,Destiny Simmons,3,1b2cbb10-c0ca-483c-bc2c-f1a826cbb303,260513
M1228,Harvey Ramsey,1,542117f3-1627-48ea-83d7-c51fa0a0028b,1238482
M1229,Monica Quinton,3,20965e21-8746-4ba6-90e8-49d1d1a358ff,571710
M1230,Barry Butler,1,cd75c8ec-1b25-4a79-99c3-b65d20a9a927,845817
M1231,Josh Styles,3,a910a615-69b0-4c03-a6ab-aa230d0ea852,588985
M1232,Eduardo Bullock,7,1a1d8fd0-fba5-4ad6-8df3-3361ba6bf1c5,1429097
M1233,Iris Adler,2,e347e8b1-9cd2-478a-8e93-173994bfe341,492233
M1234,Leslie Kennedy,6,411127e1-eaf4-4f78-b009-3551f905df2a,945365
M1235,Analise Ogilvy,3,b1fb3bdf-8048-4b0a-b735-c8c688dfdcd1,1185699
M1236,Manuel Griffiths,5,ac580749-5d4d-40ba-9776-281e070b6d13,566611
M1237,Josh Brett,5,2273aa01-76a7-4d8e-8c53-95c35cfb98c5,8669
M1238,Daphne Grey,1,dbd6e447-1c77-4f75-82b3-3a281216e7a3,46793
M1239,Owen Rogan,8,c8096b5c-66a1-45fd-8d2d-916ff0a89ab3,582998
M1240,Chris Larkin,4,dcca656b-7a74-4fe2-b43e-2c85d8260ca1,440111
M1241,Tom Yarlett,3,cf82597b-2c5a-42f0-8d03-583b4d064334,992590
M1242,Alessia Sherwood,7,a5f6f564-97af-4c57-a9a0-b8ef8f55958d,77596
M1243,Nathan Parker,7,5cd0a5dd-5655-41a8-87c9-6d20d430e3fb,251874
M1244,Hank Jobson,3,52967f25-9a7e-41de-95c6-4a785f5c0aea,1139297
M1245,Quinn Flett,10,ffee652f-e633-4d09-86cd-8bd3b08ec674,993781
M1246,Chanelle Gonzales,3,56147ed5-a87f-4f8b-9d62-7f1dbfffe4bc,221574
M1247,Matthew Dyson,6,d96bfe63-bb8a-458f-97e7-be466b5ec2de,1023105
M1248,Joseph Hope,10,7f78ae81-b73f-4b96-9339-8c86755c0762,854638
M1249,Ryan Walsh,6,42253afe-345f-4252-89c8-c5c7d7f43afb,720138
M1250,Bernadette Oakley,7,3d0ba609-cddd-47ef-a7b3-41a7df8265d6,387124
M1251,Dani Broomfield,2,de04fce5-1e2b-4689-9331-43dbb7e2b163,735091
M1252,Julius Cobb,1,255b176a-c288-4ffd-a0bd-9077509b94e6,1040253
M1253,Caleb Hepburn,7,0599d283-5b06-4f6b-b22c-b313fbf46608,6956
M1254,Wade Wooldridge,7,519e1d81-df49-4ce5-88dd-14c46f139b66,801073
M1255,Tyler Anderson,2,a5da7116-3dda-4605-ac07-b67934d30619,125669
M1256,Percy Wilkinson,8,a3aa84ce-3a82-4b05-a78d-345b71e5e371,157018
M1257,Barry Dunbar,10,e9327ea6-3fc4-429a-a656-eaf3caf5a883,718119
M1258,Camila Mitchell,6,bdf3b4f2-f668-4d21-bed5-50d0f8fe8ced,788274
M1259,Karen Verdon,8,77d4a524-ba51-416b-a310-f15f003d8272,1467469
M1260,Henry Brett,1,1ad00ace-2fc7-4b1e-88b5-44e9e67b0ebc,1185635
M1261,Carla Douglas,6,8a71c85c-f219-43f6-bbc5-1d49142823fa,1228281
M1262,Josephine Moreno,5,6520785f-ae30-477d-9da8-7e1cf0be04e6,163965
M1263,Chester Steer,7,d98c8772-d2ad-4479-bce1-9c82ec0092e1,749452
M1264,Matthew Nielson,3,c6267497-5ceb-4577-b5d3-bc5a15865f1b,301142
M1265,Peyton York,2,2b26e011-d8e3-4246-84f7-feb27a5b7817,998910
M1266,Nancy Irwin,7,0c07555e-0432-4017-97ff-c5ea1dac0cda,1464568
M1267,Fiona Bayliss,10,0b55fb3a-7c56-4646-9ff2-2d0929ee8221,1128056
M1268,Tyler Pitt,2,e2fcac41-21a3-41a0-9dcb-e409c95dd7de,343689
M1269,Clint Hewitt,7,a2a2dc8f-cd8b-41b7-accd-a6b5370341bd,1212731
M1270,Caleb Ventura,2,4c351af1-7c81-4665-a373-903c3740f225,582762
M1271,Harry Stark,8,894a0fd4-6c18-4734-9f4f-9b8144b99bec,1357966
M1272,Judith Penn,2,cb924a14-1c5a-44a1-a77d-a1d7c25fcbfe,125932
M1273,Vera Wilson,2,e4895c27-50e8-49ad-af16-315ff4cc8313,787227
M1274,Sabrina Nicholls,10,95ae9e69-da02-45fb-b322-f820fcd8a25b,266597
M1275,Ema Stark,6,847d40c0-6477-44b8-b954-c1e6e652bb52,1391828
M1276,Scarlett Drummond,6,b5cb761e-166f-4424-9539-fe941faec118,1309555
M1277,Henry Barclay,4,9e5725e4-49ec-4a56-beb4-a35f9bbe304a,602193
M1278,Eileen Attwood,10,f95ed54a-1352-4f8c-838c-244c0ff705eb,826664
M1279,Chadwick Zaoui,9,e46b6773-69a8-4188-b38c-f31fe8b12924,1215312
M1280,Camellia Morris,9,94070469-6440-48ae-b042-6a7b16d2a268,361405
M1281,Angel Uddin,1,b69a66b4-d561-46bb-95e4-13fc0f3e7903,726172
M1282,Johnathan Lunt,4,eaba2d68-f784-4a44-8b68-43653db8bfc9,1063115
M1283,Denny Nicholls,5,0aed4c92-80b9-45a2-a9f0-65c2f0301a6d,1232490
M1284,Sebastian Adams,5,b6f048ca-8c3d-4856-aedc-12010d7184ae,1269251
M1285,David Jenkin,1,5a707dff-a5ea-4168-b852-4f97e5e724d8,1326624
M1286,Angelique Wills,6,cc266b31-28fe-44a9-8f1b-d48d04f13d6d,952886
M1287,Rocco Connor,10,91102535-36e3-42fb-b60d-2d0d27b5069d,1282084
M1288,Mike Ross,5,9a20c2de-a716-4e09-b17b-bbfac5da2258,1237711
M1289,Marigold Jones,3,afbe3748-b9d6-4f7b-9d18-f1e41d520163,1011438
M1290,Mavis Ellis,7,9737cfae-8cee-4cb5-a1b8-280b57eee446,933888
M1291,Gil Robinson,2,89f501ad-f183-4339-b1d7-38448e6d3dca,905357
M1292,Sonya Page,5,d24a8f23-62ce-4f68-806e-2336aacf9105,1230371
M1293,Moira Khan,4,afbb35b0-495a-465c-a08c-495474bcaaf6,1161394
M1294,Stephanie Snell,1,7be7ef59-da89-4d9b-9bac-79e7d0445f76,541406
M1295,Martin Scott,1,1dfece6b-e118-49c4-acb1-4c191edeb9b9,1128391
M1296,Kaylee Redden,10,f62382c8-a52d-4cb0-90b6-57b3357c7087,694880
M1297,Nick Downing,1,3d2892df-5c69-4f8b-8af1-fb585673f386,286914
M1298,Roger Taylor,7,49144bfb-eeda-4b34-b6bb-efb5f5a14dc8,859078
M1299,Johnny Jenkins,4,b17d3c09-5a35-497a-8b89-9842a90c5fcf,1276422
M1300,Dani Ripley,1,de514833-8732-4697-bca4-4081e39b00c8,309465
M1301,Tyson Graves,1,f87bb17f-d513-4210-b683-4700144bd308,463749
M1302,Destiny Benfield,1,eb70c944-ee20-4a38-a44e-f49e75b37244,821747
M1303,Angelina Pickard,9,3bf8ad53-7aaa-4e21-afdb-13239455320c,454015
M1304,Mason Lakey,1,52a97d28-bd41-4b74-8fb5-e2997b2d5b52,255174
M1305,Alessia Paterson,3,604a70f4-d619-44a9-9ed9-eab5cff2f480,608223
M1306,William Townend,7,cc555f8d-0e17-4c69-b082-3e2e3c698e30,381917
M1307,Sabrina Dann,5,2b0ae704-284d-4a9c-9b12-1fab288c90e9,904803
M1308,Daron Hobson,3,fd5a4128-602f-4fa3-a019-a07c7dc3938d,197660
M1309,Tania Gordon,7,fa04c454-4bf7-4f2d-af65-4645279b9ecb,415515
M1310,Analise Hunt,6,2c2fa955-ae8a-4a09-a332-d0b4df056042,1199886
M1311,Madelyn Robinson,10,5504a35c-1da0-4103-9fdd-ad24b922f1e4,217395
M1312,Isabella Clifton,3,a8c8d950-7025-484d-84b3-3e4db2a0aed2,1266717
M1313,Rosa Whitmore,3,f033d304-8769-4497-8b11-13e9f8594ce9,1018982
M1314,Georgia Vaughan,4,69b9afe9-c430-4dc4-854a-eee4171c3632,1478125
M1315,Eve Garcia,10,0b7ba999-43b1-4391-a3e3-0e0ec60afecf,858995
M1316,Nathan Harper,2,d2ee3308-7df9-4329-9652-377667f9c4a1,1034169
M1317,Kendra Rowlands,1,5cd85355-d9ee-4240-8ef7-43cb2cdc30e1,441202
M1318,Sienna Hopkinson,2,870920e1-d6bb-4a61-b9ee-476000d422e8,259063
M1319,Ada Page,2,1a6a4803-d358-4c01-8a0b-6e89438b8033,1435624
M1320,Bridget Attwood,5,c57b81d4-2630-4f4f-bbb2-dc347760605b,1458981
M1321,Ryan Aldridge,10,fdf356e6-06a3-4270-ad51-c4ea338f14e5,346508
M1322,Dani Taylor,7,faeb3380-d786-44c8-81d6-9abd0d5cb4a0,826156
M1323,Chadwick Booth,4,3bba8d0f-1dcc-4ac5-a01f-4ddbb47f58c4,917877
M1324,Rick Jenkins,4,9d0dab44-aef7-49bf-a727-5fa0dc4070b4,461466
M1325,Agnes Moore,5,0c580882-2d45-4d3d-9437-fe2768b98dfe,1109850
M1326,Teagan Noon,1,163ebc60-1bd9-4682-a155-1bc794899071,1111300
M1327,Nick Horton,8,1022e58f-006d-43d0-b68e-c6a2d69172c5,861878
M1328,Javier Patel,4,43ef10ae-5b1a-41b2-a42c-8962b4f99b85,663325
M1329,Carolyn Lewis,5,165b7755-decb-4800-8e59-df60d26699dd,792319
M1330,Boris Hood,4,f12c08f2-f2d4-42a1-99eb-dbf7b3cdc104,688008
M1331,Chad Lynn,8,617a5672-5a11-48e6-b606-65777f60d00f,742800
M1332,Scarlett James,5,47840d05-0aa2-4f65-b544-c0e07e576a75,1286788
M1333,William Morrow,6,0d7b0de7-2047-4b43-91d3-ebc94f6ee91a,911072
M1334,Chester Snow,10,89d824df-daed-480c-82d2-43fab816a388,252829
M1335,Moira Yarlett,9,8e6063c5-4505-41bb-bdd0-3ce48705ca62,334304
M1336,Bob Dann,4,30a4eff2-e6cd-4577-a387-31a42f51b4c0,638776
M1337,Jack Hamilton,10,1a49c372-3a33-43f3-a811-35bae37776d8,842147
M1338,Nathan Shaw,6,1df60ee2-ea06-48ee-a08e-a8c97164467f,1301650
M1339,Brad Brett,3,34da71b8-fd33-4b27-ab50-6f3d70930b5f,485770
M1340,Camellia Hopkins,3,7b8730a5-505c-474f-9a41-5116e72152ce,762418
M1341,Rick Truscott,2,76204c57-1b9e-4320-b2fd-9b9b87e07f31,1321378
M1342,Mike Heaton,6,9e60f045-6486-4a2f-a64d-14289f505dee,503081
M1343,Joseph Boyle,7,a3443897-536c-4c2a-9c54-e42a6e43c820,26545
M1344,Gabriel Forester,7,27ace8d2-5c70-4534-ae47-fd71538bc761,1154522
M1345,Liam Mould,1,c7b1794f-c196-4d8f-ba7b-35a6a8c09c29,88071
M1346,Owen Stone,4,6bec7691-7d13-493b-a30e-d761eb910d0a,693784
M1347,Nate Parker,3,b8325ee2-7e91-4bc9-ae7d-e2e5d2060ce1,1331454
M1348,Kate Poulton,2,cb998b59-ad14-4fe1-ada9-d5df4f8fd803,134085
M1349,Peter Lewis,1,4631a8d7-d23f-4648-9bbd-c66d8781046f,778392
M1350,William Wilcox,5,58a30af6-00aa-4020-aa2c-d1e8ff988c1e,59360
M1351,Florence Briggs,2,02d51d69-28ab-4b38-a5a3-6f02a68b3148,624770
M1352,George Ramsey,1,140f4d45-5f46-4fec-a669-276576d2f972,1144865
M1353,Alma Armstrong,3,36166006-26c2-430a-aea4-a996ffe430ca,914997
M1354,Martin Chapman,6,cd600683-b974-4f48-a1ce-8d855a647c84,669104
M1355,Ivy Silva,7,76d0a5f5-a1a8-4a39-b31e-e91ead780cf5,221454
M1356,Clarissa Roth,3,a2e588c8-1153-4bb6-8b44-e3dac95e9fbd,1028233
M1357,Benjamin Dixon,5,5f75ccd5-b95b-4da8-ba1f-818d027c8c97,497503
M1358,Clint Wooldridge,5,d7950ffe-33fa-4dc7-86a8-830d5e042287,432901
M1359,Kieth Attwood,7,d7ffc50f-a2cf-4616-b956-47351d8c2085,561876
M1360,Britney Ward,3,d5b2207a-09ad-468f-9164-f254754e4d73,897684
M1361,Goldie Spencer,5,5c9042e5-46ec-4b0a-b7b8-dededde88bd2,951552
M1362,Juliet Underhill,1,2b55808f-5065-4c2c-8cf2-a97c53672ab0,194342
M1363,Leilani Oldfield,10,7674c969-8951-46f7-9cb3-6dbe1d8cc1b6,207985
M1364,Sofie Curtis,9,2b20e058-f167-41a4-95f8-2dea4c0ded20,897097
M1365,Scarlett Sinclair,5,0994a024-c797-4e7c-bb63-bb86bb16d29f,290082
M1366,Naomi Heaton,6,b89e77fd-7125-4385-9987-d03a97bea75a,1355283
M1367,Ron Tyrrell,7,200a6b09-e354-41a5-b026-5b9dfc1fab4e,479532
M1368,Emma Ulyatt,2,179e135e-3e03-45cb-ac1f-6d0b8ab1fc64,1023626
M1369,Doug Maxwell,6,92d725b8-5cfb-4620-9285-b1b5a27821d5,1452266
M1370,Belinda Hamilton,3,60066310-3051-41c8-b490-c540ce7ee017,189575
M1371,Charlotte Nielson,9,9e3f170c-f8d6-4bf8-96ba-b11245dea087,1403332
M1372,Vera Wilkinson,1,c77bd66a-4cad-411c-a746-6b91ffcddf33,749746
M1373,Erick Fields,7,a35b96d4-4398-4bed-b9bc-31d41b18e1bb,1049098
M1374,Rosalyn Tailor,1,5f7d7ba9-f1aa-42ef-a4dd-421c97a5e633,1371448
M1375,Jade Bolton,7,54c064d5-a518-468c-9905-adc96192ff52,564105
M1376,Jayden Morgan,4,dbac33d8-ac16-481c-9af3-45f6e52656d4,1237967
M1377,Alison Becker,4,902e45a6-2ea6-405b-918f-0d3f28b3b1f4,259852
M1378,Isabel Cox,2,4bf51691-900a-416e-8166-d3e2314f4137,1403937
M1379,Bob Davies,1,8fdc310f-6303-428b-87bb-0c6589cdeb28,408950
M1380,Anthony Phillips,2,54fcbee3-701c-46be-b12d-694df2245afd,772770
M1381,Caleb Franks,9,86a1a578-ca4c-4e55-8786-bf18b5343357,1246400
M1382,Hayden Donnelly,8,ffdef12f-bfbb-4811-a426-51de6d5c3340,938467
M1383,Stacy Flett,4,b3faec20-7337-4154-89f0-5718d8a9e80e,59559
M1384,Denny Chester,5,9aa6f57b-a871-4bcd-baab-51ae5687dff7,1123476
M1385,Elena Brennan,4,d7a3350e-1f33-4fee-b2b4-0daf8a56bd26,584114
M1386,Chester Steer,7,7d3d9dfd-0d79-4b34-9687-a8858a59ab7a,599562
M1387,Eduardo Collis,4,dd86c32e-d851-45c5-80c3-baaf0b038e47,1201692
M1388,Chris Cox,5,9347df5c-3b99-44f0-9d27-3968131a4d7f,249673
M1389,Phillip Baker,6,64c37e84-c471-4734-abba-cb0394cff09e,986221
M1390,Carmen Khan,7,68dda900-50c3-4e84-bc0a-0d01129f5cf9,684405
M1391,Tyler Morgan,1,bba55232-99e0-434c-943f-0775dec83368,1121280
M1392,Jasmine Vane,6,57ecfa83-71fd-4c43-934d-e315f671ead4,843225
M1393,Leilani Oliver,9,dacd5657-c2a2-447d-9ef5-e3b29bb390da,1401605
M1394,Phoebe Mills,6,529b9782-5fb2-471e-b1e3-24c80ca1943b,547444
M1395,Eduardo Brock,6,e0f525ce-62d5-434b-afa3-d8dcc0f45a28,482091
M1396,Gabriel Talbot,4,be4a9f87-bbe1-49e5-a632-1a4356249cd7,1242099
M1397,Johnathan Fox,1,09dc792e-309d-482f-95a9-48fe71c1b2d9,842804
M1398,Moira Irving,1,9b424263-ce96-42c4-824c-c2f92edf23cd,650857
M1399,Amelia Rodgers,1,4ba3521b-2e21-476b-9925-5624ac5230eb,576174
M1400,Chad Jarrett,1,16e5f7ff-2ede-4ec5-80b3-49f80a15187f,1371172
M1401,Tyson Attwood,1,6d1a3544-edbe-4f3c-ba31-67e6c619a543,1145704
M1402,Doug James,5,61c4a396-c691-43c3-95de-85a1cfca8763,1019743
M1403,Beatrice Gordon,9,8fa6b90e-b48d-4b36-8abd-39753689f7b6,283026
M1404,Isla Hardwick,3,e9ad1601-0bc5-4568-8ef1-880d91e87bfc,739902
M1405,Owen Ainsworth,9,dc74a534-56f7-4c53-9687-a3a4161eb140,407408
M1406,Julian Quinton,3,325a3fef-5b0c-42a7-95c4-e5f3d181affd,171240
M1407,Cedrick Varndell,5,38f50bc6-be78-4af3-bf0b-519b03cf3c32,885916
M1408,Boris London,10,15af6f3d-7ba2-42a5-9c7f-bb9da338c644,132720
M1409,Jacqueline Richardson,6,01091d25-37c5-4171-9719-42971a364d21,808819
M1410,Phillip Pearson,4,da55c402-9d79-4004-9aed-29a2b35a024f,1428053
M1411,Adina Morris,1,47cb7036-7fa0-44e9-87cf-82121c6cf9db,574874
M1412,Ember Irwin,9,4e3d6520-1947-4f3c-8239-194a501f91c7,876828
M1413,Manuel Rowlands,1,c97d8a9d-47c4-414f-91e9-1d8b9f9bb4b4,1166741
M1414,Chris Thompson,8,addac9f4-63e0-436e-9611-27d01888370e,988517
M1415,Kurt Nicolas,9,abc6092c-98ac-405b-8808-9a27f700a656,622322
M1416,Belinda Robe,7,5aabfc3a-f96e-44a2-bd13-f7383791d8c0,1315561
M1417,Ethan Holmes,7,350b9093-39e9-40ab-9b24-2eb19233c2c2,7341
M1418,Marvin Blackburn,3,403726dc-a51f-4fe9-956a-27a8a582a664,409207
M1419,Helen Cartwright,6,9d7c44bd-da9b-4fa0-9234-39ab63ffb61a,1306552
M1420,Juliet Tobin,8,65b57796-7750-4003-8cb7-b25e9161195f,1338942
M1421,Brooklyn Harris,5,edb9fb57-7770-4c98-b2c5-a63cf73e9c12,941768
M1422,Benny Nicolas,3,a2d9f42c-50cf-4f73-9a46-b9258a32d2ae,21682
M1423,Percy Partridge,8,82537bd5-2a61-4bf5-a004-28430c21c3fd,411598
M1424,Chester Noach,10,f5f77156-2ffe-4b33-b229-af526244e654,966035
M1425,Percy Partridge,8,8a4e252f-0413-46c4-bd8f-84ffab3757ac,308307
M1426,Matt Phillips,3,38252c67-7004-41c6-98ac-b51983d778dd,177052
M1427,Maxwell Stark,5,6b2c38b6-0d0c-4642-b13b-3ea408e5b3a7,577880
M1428,Livia Ryan,6,2f3491b7-072c-4774-907d-1cd180d1fdc7,1444444
M1429,Callie Chapman,1,19c2d157-0683-48c6-9d06-21c80cb7b1a1,588359
M1430,Cynthia Whitehouse,3,19249e1b-74c8-4649-a067-987e3d79ddbe,611047
M1431,Nancy Page,6,db46d0bc-a047-46c4-bbe1-8f09b858a384,175047
M1432,Chadwick Edler,9,2bc79a37-648d-4500-944e-535feae66fdc,488060
M1433,Lily Brooks,5,f08a31a1-81b1-448a-a3e8-7e416bb57e3e,1437000
M1434,Rocco Thomson,5,df0ddec4-15f1-4f82-94fc-70a61f139008,146855
M1435,Mark Asher,4,1b971769-ec17-4f8e-8539-0dadb7d1662b,554444
M1436,Maria Styles,6,0cd0c952-81b7-493d-b9fa-36744ba9f9cf,750076
M1437,Julia Farrant,2,111dcbff-c00a-4790-b791-ec700d9b87e6,160282
M1438,Boris Russell,10,5e3e9a5e-0a83-4a35-ab01-59ee19636c91,393426
M1439,Bob Oldfield,9,3229107c-4806-4b5a-a656-e925631f263e,998870
M1440,Kurt Ogilvy,5,2efba358-7c6f-4b57-9930-6cfb2038f2e2,406277
M1441,Bridget Jarrett,6,d650dd36-67b1-433e-b369-afbd5fe09b8b,425680
M1442,Josh Yang,7,34363a6a-d387-4481-b29f-54b194e0a51e,59797
M1443,Adalind Mann,7,717837f8-1a89-44ab-ba6a-5cd23cb08448,617693
M1444,Hank Plumb,5,bcd839f0-f60e-4224-abd9-5d5cf93aa162,1204474
M1445,Maddison Mackenzie,4,bf5e3082-cb0b-4844-a560-568ec5b603f7,1377229
M1446,Bryon Dann,6,c7c36f93-f51f-46ff-b6a7-e0373240b5d3,782575
M1447,Logan Crawford,3,524ced56-0fe8-42b8-94f2-c42446552bb9,1294412
M1448,Carter Flynn,2,2921a5ad-9597-4297-997d-27991e66875b,1374737
M1449,Crystal Mccall,9,6b02c4de-754d-4d1b-9c52-3a585b6d5911,1462675
M1450,Valentina Robinson,1,21139dbe-025f-4363-af40-d6cde91e1750,195139
M1451,Mason Gray,7,71131fb5-82d9-4bb5-bca2-ea90b162b448,1078228
M1452,Josh Stevens,2,46a01469-d8a8-45d5-bce3-47e11d08b5c2,933755
M1453,Melody Griffiths,1,19081e78-62f5-44ed-8bf5-07d7569720e7,512843
M1454,Regina Alcroft,7,bbd87075-e3b4-4e17-a7a7-19f0ffee0292,1384861
M1455,Benjamin Porter,3,6130e263-880b-4c05-9654-bcfa5d14f882,845345
M1456,Chester Jones,2,bda93cf6-32e4-4077-b26f-ee569121545d,393863
M1457,Jamie Reynolds,5,b96be580-cc1b-48e6-9096-fbe94e8e7c05,1179144
M1458,Maribel Lunt,6,32d93028-41c8-484e-84e7-e62e2d31bef5,47176
M1459,Rylee Mcleod,9,b452d087-46d5-44d4-a9c1-d545df20b04e,1221967
M1460,Claire Vass,4,1b35aed7-f87e-49bb-85ca-5927e31ac983,370136
M1461,Michael Eastwood,3,945161fe-a8f4-47ba-8ceb-8c7615967b3f,420676
M1462,Harry Vernon,5,ea8cf569-7532-4c82-86b7-81a7ac2ce4e3,1116223
M1463,Dani Wise,9,1e0c58fa-28b5-4d0e-a845-b3f91b75a9c2,456152
M1464,Benny Morley,5,d984a24e-3c39-4045-ad19-ebfce9ea9bd1,351838
M1465,Destiny Nash,10,67886491-f7dd-4487-8d13-1a8350e34291,1024822
M1466,Raquel Dyson,2,2053d58a-2cfe-46ca-bf97-2a44bec550ce,828633
M1467,Oliver Baldwin,1,f0f740f9-75ff-4123-9408-21bcb3504338,834865
M1468,Naomi Malone,1,0eb46edd-71c2-4c30-a537-8afb7ce72c73,1265093
M1469,Nathan Wise,6,0a925a03-8fc2-4c99-97d4-41c482089804,642599
M1470,Ryan Fowler,8,06df63a1-2335-451d-a64b-ad324d84b8cd,1196811
M1471,Kaylee Vallins,7,7fb789f8-d760-4eee-a3ea-b1d618466dee,454386
M1472,Oliver Scott,5,05a4f610-9d62-407e-a197-eb572ec9688c,1204132
M1473,Kurt Nelson,4,34ef1bb9-1a1c-493a-ad4d-1dbe5da520b0,493921
M1474,Manuel Vallins,3,e3c116a3-c42e-46b5-a467-c60d819a542a,1174679
M1475,Ryan Farmer,8,57cbcf1b-0d0c-46fd-bbfa-94f3cff75e76,856130
M1476,David Rixon,2,d21e3459-707e-4afc-bf09-7a88552a9f81,892038
M1477,Georgia Wilson,10,6df339f3-ca44-4915-a9eb-ecf2347257c3,771119
M1478,Julia Robe,8,68e28a63-cc0b-461e-9034-e84b48f9f3fc,507315
M1479,Harry Powell,3,9d69d2c8-17d8-4a2d-bdb0-0a8d27ead56b,661555
M1480,Caleb Robinson,9,d011bf1d-437a-4734-a967-2be519fd539c,1122242
M1481,Leroy Evans,2,33bb2cc5-0436-40a4-808e-8e02fdec41f8,367806
M1482,Melanie Kirby,5,e134dccb-a7c1-4aaa-a73f-783983bda64d,678345
M1483,Aleksandra Lynch,5,0cc63c41-229e-43f2-acf9-954935e81780,403661
M1484,Celina Mcguire,6,6f3321d2-2ee5-46b1-9b43-ac1a509d91bc,123644
M1485,Logan Howard,6,064e74b7-bea2-4ac9-bb97-96940e098869,1224842
M1486,Ryan Jobson,8,8d60aa1f-d1b5-4cdd-802c-5b8ad76b7e45,1135694
M1487,Michelle Gates,3,1ec24f78-1ff4-421e-9941-dfc983ea24ab,1064304
M1488,Lynn Broomfield,4,99cf87a8-1932-4add-8578-78afc0c6e438,515288
M1489,Alan Steer,2,7ce0bf0a-de55-453e-9908-fea83c176b8e,19646
M1490,Caleb Eddison,3,1d0e43a3-2f5f-4c5a-8f4c-feb3659030f1,35822
M1491,Melody Calderwood,3,62b32470-e4ca-41fb-8497-6a296c020c99,388473
M1492,Andie Wooldridge,5,4a3051a9-73eb-43b0-8615-a003acc9d4b8,80501
M1493,Molly Donnelly,6,38886334-88db-47c4-ad44-7dd6d473d187,155245
M1494,Bob Watson,2,4cdc692f-edd5-40cd-b1a2-85117774c9d9,1231306
M1495,Victoria Norton,6,e0b90f44-417d-4844-bf51-21b573c15a2b,215479
M1496,Lily Dillon,8,21d7c983-28c4-4a9e-8a4a-547e833366b9,1086347
M1497,Sebastian Connell,9,0bdd3931-ab1d-4e12-9c95-ee7e1ff75ce1,111723
M1498,Percy Lynch,9,b5651dc9-0ad2-4940-b891-1145619ec597,854823
M1499,Chad Morris,9,be36e1eb-8e5b-4257-83ef-6720d36564ee,583786
M1500,Alessia Waterson,10,f14de413-cd46-4106-8176-37dafe30e993,420092
M1501,Marvin Mccall,1,418ee628-51ca-4bec-930a-d1f0b48b7cb8,666353
M1502,Martha Flack,9,9e4be0e5-e9b8-4bde-a7ca-9ed7c58d7191,74564
M1503,Mya Fowler,9,2a54196d-9433-4873-b35b-d2edab963d04,1102913
M1504,Michael Foxley,5,838b37e1-7d7c-4f45-b8a0-331d234b9341,433499
M1505,Jayden Morrow,3,4d7cb2d2-2239-42d5-9bae-812078b9201d,464982
M1506,Luna Lyon,6,b32ff319-5a6f-4678-a0fe-0c7b9626eb85,1451117
M1507,Mark Edmonds,3,f2b97aa9-a526-4b4c-bc3c-3720c1dc65f6,593337
M1508,Gil Becker,6,3e089544-ac5f-4eac-892c-f561e7770a36,1300300
M1509,Florence Murphy,9,a51bae5b-3721-4f58-bd08-bff7d82e70ba,836147
M1510,Anthony Downing,5,13b625a0-fb76-4e9a-90fd-2772de0e2f03,1016845
M1511,Greta Aldridge,9,a591cc74-1009-496e-b79f-8189768380f1,988118
M1512,Rosie Varley,8,d55bd416-8799-4e06-8b28-21ab3f457e33,601544
M1513,Anne Evans,5,14bca157-a9a9-4a10-810b-fb85b7495f56,636800
M1514,Denny Rixon,2,e704bf72-d554-4611-947d-3997e9afb7ca,1009411
M1515,Ivy Stevens,7,322be331-b73b-457d-b88e-60f98d025866,764019
M1516,Oliver Underhill,4,669c247c-5a22-4afb-9986-4a73936c8b4d,1317005
M1517,Cedrick Jenkin,4,15a8d034-75d2-4a39-831b-32c9cd3ccb61,157603
M1518,Emery Crawford,7,c963a82a-9558-4d99-bfb8-5ab36da4e92b,776256
M1519,Caleb Woodcock,1,d65bad23-401c-4872-919a-bb509479eda5,605716
M1520,Belinda Redden,10,fa24ce7d-1019-4d35-8494-a9cccc760334,70156
M1521,William Fowler,5,a26f6e73-59bb-4cfb-939c-96ca318e4f42,1068508
M1522,Logan Johnson,1,db010460-e6ef-40d4-9111-3b3bce655f49,954585
M1523,Scarlett Cann,4,2c641a39-3d66-4307-a868-16ca896f98eb,1076132
M1524,Olivia London,8,9b544336-e79d-470c-afff-b333ff26442d,418374
M1525,Ema Little,10,c980ba2c-827e-4569-a198-4bf3819fc79d,1285731
M1526,Sage Morris,3,d0ad43d9-4057-47cd-bd28-579dd6980a25,859567
M1527,Elena Hardwick,2,1366d38c-8257-4822-8720-6152eb54ba8b,139691
M1528,Wade Shaw,2,3018762f-f419-48c8-83dc-f2dab4773926,955003
M1529,Doug Whitmore,10,48ba9682-7991-4067-bf89-efd7a013979a,1262343
M1530,Russel Bradley,5,7557ffb7-d066-41ea-a4c2-e065986fb3ee,729575
M1531,Mike Mcleod,1,19f00345-8ead-424d-a037-83bc8ee6a4c2,768937
M1532,Logan Kennedy,2,e6bc4cc8-adba-48a7-82cf-3af51b5bac9f,191274
M1533,Danny Plumb,10,1af0a17e-3fe0-4af1-aa12-6e49ae5a4023,274316
M1534,Sabrina Summers,5,b3f3ad59-4c82-4dce-888f-7e0531f2b205,1324086
M1535,Eduardo Ashwell,8,efb78f61-2213-456e-acab-683ddd8f4be2,1467495
M1536,Melanie Farrell,7,c0ee1034-56ce-4ade-a526-4f83c2a80750,1463932
M1537,Scarlett Thatcher,6,f47ae4d6-8c1d-425d-b890-c4b346740217,984454
M1538,Caleb Anderson,9,1ac71f54-1236-43ed-b58e-6525a7ed9315,1018817
M1539,Gil Porter,7,118f6a41-c209-403e-abce-6d3d98540f8b,877215
M1540,Harry Harrison,3,fa48bcf1-11a0-470b-a399-c91797067511,925396
M1541,Leanne Villiger,3,ae56401c-d763-42a2-b728-4c42766c86a2,1134847
M1542,Bryce Coll,3,cd452de2-c00a-4dd8-beb9-3d9866c92145,1013357
M1543,Tyson Phillips,10,8685571d-bb45-425b-9445-9836afd26bf4,979413
M1544,Kieth Norman,6,93970098-f895-4122-8180-dff9cdf78263,1061000
M1545,Alexander Crawford,6,c68d8821-deb4-4cf3-9e14-33a20869d4ed,1353416
M1546,Clint Norman,4,8c1e66b4-abcb-49ba-b6b0-b00009702417,380184
M1547,Benjamin Jennson,7,cda283ec-06c7-471d-b8f2-97f99e953105,819396
M1548,Eduardo Mcleod,2,c26d9910-a3d1-47fe-82de-6bc8649b9c58,1351863
M1549,Mandy Price,1,dc7312ad-0448-472b-b611-b518a47ae18e,269905
M1550,Aileen Kelly,5,e850d428-5d4e-4ff0-b56b-9db9186da001,366519
M1551,Payton Russell,3,57a43f5b-8426-40a8-9147-f00d696f2ec1,1416621
M1552,Monica Burge,9,d1e9073b-1c4f-44cb-89f9-9be2b7bd4125,914086
M1553,Javier Henderson,2,db5e1d2a-bcb6-456c-a35a-408d614bb760,617014
M1554,Luna Lewis,9,31268dd3-a3b9-4358-aca1-d74740a15611,833897
M1555,Julia Hammond,9,970abd94-a949-40cf-9098-b46b898df1a5,740549
M1556,Angelica Janes,8,4e4f8b62-6046-4e8e-982e-1ee475ccf1ae,640073
M1557,Nate Brooks,7,8c5037cc-38f2-4dcb-82a9-9c0fef3508c8,679753
M1558,Gwen Knight,2,b391baca-6305-47e4-b941-01751d3acedc,98484
M1559,Gil Crawford,8,3d5e6df1-5ff7-48ab-9037-9757bd419c7c,988747
M1560,Lillian Tanner,10,8ec6fafd-7e72-453f-a73d-ac5207c687c0,263932
M1561,Rose Reynolds,6,f04f524d-f7ca-493d-992a-69946394d021,700329
M1562,Martin Willson,1,2dad079d-3a71-48dc-96c1-9ee388e975e7,866513
M1563,Marie Edler,2,baed3722-3742-4299-a94e-0bd5737c8611,1126853
M1564,Penny Jones,7,7bf2ea2c-a66d-4e8f-8d39-63fa83c27298,497414
M1565,Marla Walsh,3,50c47d69-8b4e-48b3-809d-316339fdfc73,47266
M1566,Danielle Gosling,1,b8a8205e-6447-43ab-b0b0-9bfc5067374c,605594
M1567,Jules Thompson,9,16034c53-30f4-4d98-a18b-bed4d2e8dd0e,1360474
M1568,Rocco Cann,10,0d262b1d-3334-4811-b38a-0ed23c81d836,170984
M1569,Jaylene Mooney,2,18a29602-c6cc-479c-b03f-6e57610e5e9c,905480
M1570,Camellia Parker,1,a4fbedc2-c40f-4460-afdd-e1e149a311b5,357280
M1571,Aisha James,5,fada5ca8-0404-4560-8c89-e1b5cb01ea41,1223810
M1572,Blake Radley,5,041595d9-8af9-46f7-93d6-73bf0110eb7f,208062
M1573,Chad Vaughn,9,596f97cb-432a-48ed-bae9-ea0aa1057b92,449769
M1574,Adeline Ingram,5,c5cc394d-a31e-42a9-a6cf-8333a391d7c7,1446247
M1575,Maggie Mould,7,124b2e3b-36db-4a65-affb-39617f69a139,969893
M1576,Emmanuelle Rowlands,2,4ddab80b-1c90-40f3-b8a8-59012cd4c878,478811
M1577,Johnathan Turner,1,4fe2cbf6-9deb-4f50-8091-64b1c5aac664,347790
M1578,Goldie Dempsey,6,a9887308-e798-49ae-9720-c12d4e13021e,382494
M1579,Daron Bowen,9,f6946226-a07c-41b0-b23f-c220a2c0e6b9,896466
M1580,Boris Matthews,5,767bc166-2ad2-4663-a4d2-56b6fc7e39dc,592639
M1581,Florence Utterson,7,e670d2b8-5169-4ac5-8b76-78c5fb9115cd,1463109
M1582,Brad Marshall,10,8614ac89-31af-444e-bb8c-a22593515f3d,23523
M1583,Liliana Walker,4,286d663e-973c-4513-b6a3-f16c846b15ea,441933
M1584,Callie Barrett,9,03c2716f-7d28-4e12-904f-a501ff638015,960573
M1585,Courtney Lane,3,44ebcc6e-9f56-46bb-a8f9-a21c478f2b69,235385
M1586,Tony Dixon,8,34ac6315-7cc5-4c61-9f9a-cb81879b5585,851535
M1587,Ryan Graham,8,73511969-6d36-47a4-b4cf-d577f34f3390,1340948
M1588,Boris Bell,6,e18b1fed-5851-41fb-afe6-5d9e69d53099,11248
M1589,Victoria Sinclair,5,9742bc25-16fd-430e-983f-52177ce184d9,777716
M1590,Cassidy Willson,10,445892f3-eb3b-4b01-9fac-958617790250,528049
M1591,Vanessa Woods,10,890ccd83-6313-420e-afba-bd33878b132f,152415
M1592,Wade Higgs,4,4f237cd0-136e-42fb-84f5-4d4c128238e1,920696
M1593,Winnie Hooper,9,1475c71c-19cc-4628-828f-9f24c7af4c71,38320
M1594,Martin Johnson,3,171e736d-1b87-4739-ba28-eba2622be2f0,1370
M1595,Matthew Collingwood,7,cca82a51-4044-49b3-9bb8-18921c5f73ec,828037
M1596,Samara Lane,7,191a0062-9cc8-4d89-87b8-44deaf44d430,1274380
M1597,Cherish Beal,3,f959cc70-8f25-4e0f-a0c8-c01b2ca2d4e8,262299
M1598,Adina Norman,1,a30d722a-1855-4b77-a6cf-48943cc97bcf,599847
M1599,Jayden Goodman,4,613eb1ad-bb62-4341-89a3-563586f504b7,1301440
M1600,Martin Whitehouse,2,8678088a-dc43-487d-ba94-2229a5ba5d7b,1430179
M1601,Nathan Quinn,1,9015e504-9dcc-4770-b360-e1695d8f0c84,1097855
M1602,Ally Boden,8,e18a2663-4490-416a-91d7-ee44b7d08e89,962292
M1603,Boris Stark,5,d9b1e4fd-149e-467d-a382-e776fb1ffe88,175541
M1604,Moira Vangness,9,d6ec4e28-0f23-493b-85d7-46252f6e152d,1011777
M1605,Ally Owen,2,2107c58b-8d33-4e64-987a-f074a439873d,800082
M1606,Thea Harrington,7,be54e9c7-cb1e-432d-b8dd-623861df7249,1065661
M1607,Benjamin Evans,7,7a5576c7-3c9b-4b79-95fa-603afe3239d6,703027
M1608,Nathan Campbell,5,08da90b9-1503-4cd9-ba45-172d2668a4d8,959936
M1609,Ruby Niles,10,c388d799-fd15-4b43-970a-2647b8e9fea0,286164
M1610,Elisabeth Harper,2,91900415-9fce-410e-80b9-6891dfb67fa2,1407617
M1611,Camellia Robertson,4,ba8d0543-3b73-4707-b62e-fed76bf274d9,548720
M1612,Mona Stewart,3,f60fded1-e91c-4453-aba0-08ffbd00acb8,932837
M1613,Juliette Saunders,7,44dcbad7-8344-4f4c-8875-ffd4cf140a2c,328380
M1614,Britney Samuel,10,35127ccb-4075-4d3f-8749-590e4de28173,1090458
M1615,Nick Jones,5,6a32867c-d08b-431c-b41b-5ec8ff514b46,410225
M1616,Aleksandra Simpson,7,5b38c54f-3c37-4ed8-8253-c6de8695323e,1182906
M1617,Freya Hopkins,3,7b853941-ed19-40c4-91ab-3721e80344ce,11759
M1618,Rose Noon,9,7dd00736-6129-4582-9ec6-cd763c5392e7,293691
M1619,Kurt Brooks,7,21b98747-d273-4bfc-890f-15adddcfa4b1,638536
M1620,John Wooldridge,6,c52eecf9-a3c6-4a53-9c4d-ca4fac431d08,214475
M1621,Marvin Harper,2,f5f1fd25-3e9d-4a71-8279-0fcaaf66ba3f,502322
M1622,Gabriel Villiger,3,61310044-f747-4494-bee8-0b59efd9f670,21992
M1623,Martin Blackburn,1,d22701c8-2962-47e2-a0fb-5c7bed14630e,595250
M1624,Logan Dyson,1,2c416c22-eebc-4623-9c76-0500da58850c,810858
M1625,Anais Burnley,7,afb9209a-975b-4e84-8e3e-edea6241781b,183619
M1626,Gil Owen,8,fe8f8b11-c0f7-4133-8cd2-264513f41b2d,1385315
M1627,Aurelia Walsh,5,d63f2eff-7bcc-46e0-ab41-1f3cadff63d5,1233678
M1628,Rihanna Dwyer,1,17063357-4e2e-4fba-bf07-a03ce4f43c1f,170171
M1629,Kurt Richards,5,808cc373-8ae8-4f43-8f99-1e8029815d56,1394493
M1630,Nathan Wright,9,ad94ad27-0894-4be9-8109-34b9fecb6bce,2046
M1631,Chris Owen,1,3409cace-d117-45d7-8603-a4b39d08b538,684641
M1632,Hayden Moreno,4,00db5b52-d22c-4ddf-8fbe-0c8ce8944e6c,1045532
M1633,Karla Wilde,9,ee81e15d-2e17-43eb-8ce1-df34ee8c5cb6,400965
M1634,Katelyn Chapman,9,7000e107-b563-4a62-a38e-44984ed58e19,700380
M1635,Peter Redden,2,c2941cbd-1eb0-4f80-9891-6654511525d8,1218637
M1636,Bob Cowan,2,73ef0513-edb3-4c2d-9fab-edfb9d6718e3,465618
M1637,Denis Glass,1,2a63431b-ec45-40cd-9f45-174a80784fb1,1227904
M1638,Rufus Hudson,6,f38e28de-ceda-4645-898b-2acc50f9a6b9,811854
M1639,Nina Rose,2,9411ec75-9403-4369-b0dd-8acfb42a29ac,384618
M1640,Mike Oswald,9,b5f5113a-c754-485e-a654-fbb473667f77,356399
M1641,Cedrick Oakley,5,670213ac-36e9-42f3-adaf-774fdc4f715c,1317377
M1642,Angelica James,4,d4ca556d-c82a-426f-94ed-ddb1f8d5f84d,896384
M1643,Bart Spencer,9,a14bd295-5f1b-46fb-977e-b21044410c3b,1294922
M1644,Melinda Beal,7,59963723-5d19-4b00-898d-e3979d7af376,571703
M1645,Tyler Downing,3,3e8f1422-d83e-43ae-ae8e-17f5fa6a27d3,1312833
M1646,Winnie Radcliffe,8,61dedffe-1ec0-4c6f-98cf-3616f7490b51,867716
M1647,Alexander Walter,1,3870e83c-59ed-46d7-9ffe-7f475df49662,1225409
M1648,Cara Morrow,6,a6abcf84-68c8-4e48-b164-fa139b68aa5e,719737
M1649,Esmeralda Denton,3,bdf0f15c-05be-4acb-aa83-d88c1fd968d2,1443472
M1650,Lucy Stanton,2,bdf9860a-6ea0-4b38-80b1-bc5794ae5482,732112
M1651,Denis Turner,1,6ee33628-63ac-4f95-bb21-2aac3e8e0b16,352608
M1652,Ron Edwards,8,9bee6256-766f-4455-986e-3033219a9906,196183
M1653,Denny Uttley,6,8c1d5c9f-e003-47f2-88a1-da2964f54daa,1275010
M1654,Regina Whitmore,2,1ac8fc4a-ff62-450f-9f6c-dcaddd081f40,545544
M1655,Jack James,1,fbb41d21-ab1a-4cab-890d-f43cd947c147,1356272
M1656,Eduardo Thorpe,9,dbfc31c8-9648-44a1-b68e-6051a8f189fc,306351
M1657,Matt Yoman,9,da1d7f43-7dbe-4731-8eb1-29267a15376b,1327772
M1658,Makenzie Price,9,326f5858-5886-4d43-bf32-997eb31c833c,325845
M1659,Liv Tindall,3,0954f0e3-733c-47ce-84c4-db3cdde8e468,1105662
M1660,Hayden Noach,2,f6b19567-3c40-4502-b728-31a1868ca009,995487
M1661,Aisha Shea,8,b189ffe9-b4bf-46de-9df3-1fa509bdfd06,918372
M1662,Adalie Blackburn,3,1c2a3126-c193-410a-90ed-9c6e417cadf4,799552
M1663,Renee Alcroft,3,93e91310-9eb5-4216-86e8-f79037436fe1,720144
M1664,Shannon Tait,7,92ff437b-9327-45e8-aead-8fd4d288e635,614140
M1665,Bryon Willson,2,889ae87c-1ba2-4518-ad02-1962c3b0628f,915269
M1666,Joseph Lee,6,1c3f5d86-2c74-497e-87c5-2ca5a834a4a6,710888
M1667,Cassidy Gilbert,8,1964cabd-7106-4c22-a99f-806e57959bb5,902236
M1668,Erick Trent,7,67c1a7c2-89d2-4d23-a5e8-35bd5a7ad13b,1334765
M1669,Gabriel Power,2,27271668-ecaf-452e-b10b-fe89b1f970c2,270970
M1670,Martin Jennson,4,cf9b17f3-f7a2-4dd8-b70d-12908609515c,620141
M1671,Peter Jarrett,5,7bbf041e-0229-4a9b-ac14-588d034e62d5,1440978
M1672,Carl Kennedy,5,e7cf55c7-3d3e-4fa7-85c4-a3fc4db080a6,1477766
M1673,Julian Hall,7,76b30c40-106b-4346-b2b8-033b6ceb098b,420050
M1674,Owen Donnelly,7,ffe2c26f-bad1-4709-99bf-81f90b2f1601,572389
M1675,Fiona Blackwall,3,29b20b8d-5d66-4a37-9da6-56e5c9f981a8,172439
M1676,Emmanuelle Weatcroft,3,65303d57-b42f-4bb0-9fad-0f1ae0050e78,1139078
M1677,Chloe Ellwood,1,4d8ac61b-1ebc-4848-add3-8e5455b72e44,273904
M1678,Ethan Kidd,5,936eaa5c-8659-4ff8-a58d-226fe00fc44f,756368
M1679,Tiffany Rosenbloom,6,b538694a-06c5-4cef-a38c-4a77b05b87a7,1205665
M1680,Quinn King,6,289ca3fd-be7c-42e9-ba32-159eded31441,301986
M1681,Ilona Upsdell,1,77e40edc-4054-4088-a7a0-4f7ea447b821,482603
M1682,Lara Benfield,1,10f2407b-9fa2-4558-bb0e-ca80a2b4d608,77472
M1683,Joseph Dempsey,1,e37862ac-ffc5-4aac-be95-a923d6ddd312,1074806
M1684,Grace Gibbons,6,4419f50d-b442-4184-8884-41df02841e66,80372
M1685,Aiden Roth,2,c3e49784-b87b-4e58-9422-074ca1cf9267,1180325
M1686,Barry Andrews,1,928040f5-e606-498e-b718-350847665967,175139
M1687,Emmanuelle Pearce,7,7b1f1171-aaf4-4af6-b5e4-ec6087e51a4b,1247635
M1688,Regina Oswald,7,0c005f15-e379-486b-af89-757375e0bf64,1310619
M1689,Johnny Ryan,5,c6cdc668-eda5-4f7f-9048-2cb0f6f5d585,620711
M1690,Sylvia Owen,6,66a60011-c223-405d-ad05-193be9b4d635,644755
M1691,Emery Porter,5,febe2da1-be70-4758-822e-d3e273751711,812515
M1692,Bryon Brown,2,be76f143-11c0-43c7-a99f-a3fe40eec77c,778526
M1693,Gloria Sheldon,6,80bd192f-7248-4b57-b25a-7776854ad975,1391862
M1694,Melinda Calderwood,2,458e5f82-3f10-48ca-88a6-66bfb67ce86e,438254
M1695,Audrey Ingram,2,85278a95-128e-4ab0-ad90-62be333a0438,1168418
M1696,Zoe Mcleod,8,c91d6c7e-d2ed-4f64-bfa5-3b4a6ace567f,1211016
M1697,Alexander Irwin,10,02cd2d14-aee0-4923-9fb1-f41f15cdfe29,906502
M1698,Erin Wilkinson,4,5c51c07e-77ca-453d-b65a-0b1dc00d7a8f,940681
M1699,Tom Benfield,9,369793f4-427f-41f7-90bf-8d96001853c0,316580
M1700,Jade Mitchell,10,7d0ad70d-3484-4b5b-b3bd-0e5f1cf89453,1088355
M1701,Fred Randall,8,fe17da18-5092-4e2b-ae1e-3b6a5c9ea43a,1467608
M1702,Sabrina Knott,7,5a4151f1-cbb6-4948-aadc-b706b02a33c4,27848
M1703,Florence Sherry,8,145aa853-386d-449f-923e-50634d59173d,1311185
M1704,Josh Funnell,6,f4c517d1-8eab-4e36-9008-583192311ece,89709
M1705,Domenic Wilkinson,9,563f8026-5eb0-4a2e-942f-e6c8719b3da8,937469
M1706,Susan Randall,6,70267074-9b9c-47c1-adb7-2ac71d1f56c0,260262
M1707,Trisha Corbett,6,b3dfec23-6b70-4379-888d-f1aeaa99a0e0,1199595
M1708,Marigold Nash,4,d2e0f093-eb84-4b81-a867-d51f11edaf20,759997
M1709,Ramon Eagle,9,d142ad43-b430-4bdc-950f-c481801f54e3,275482
M1710,Caleb Holmes,8,e312a151-1c88-4063-9cb9-8f35aa6bc78b,1147604
M1711,Domenic Rixon,5,ece190aa-881c-4dde-b371-67b886bb9047,633050
M1712,Eduardo Randall,3,afd51c42-fd77-473e-9125-19e43fb86347,227335
M1713,Enoch Roberts,3,fa9ad253-8e78-4c11-989a-06677c781473,874591
M1714,Ivette Douglas,8,046de917-411e-4802-a397-ce2a8970d67e,906333
M1715,John Russell,10,d56f2a50-7aee-4471-950e-920837180b36,778597
M1716,Denis Knight,10,743b522f-a38b-4471-af4e-4e25aac755bf,349726
M1717,Bethany Lakey,5,c766a212-671c-4d40-ae37-13290464af78,665239
M1718,Penelope Patel,8,032c0569-fc2f-456f-9582-9748b5678ff5,1429109
M1719,Grace Chester,8,d088c359-4a28-4841-9c1f-6ace0dcb187b,377697
M1720,Carl Anderson,5,00de6bfd-57b2-4203-81c1-0d822cf368cc,673031
M1721,Jayden Moss,9,6ebb8672-0fb8-4284-b5d8-7ae9c7066cce,1182830
M1722,Russel Abbey,9,839abdbf-92cc-4a3c-b5b4-5acc337c24b9,701201
M1723,Maria Patel,4,c21114ca-707f-43da-835d-5ca1748495e7,1056939
M1724,Matthew Robinson,6,44838c40-a128-4899-8d12-05f8ea50ca23,564113
M1725,Johnathan Hewitt,9,07785c14-d17b-471d-ba89-0fa27b8b7881,403905
M1726,Tyler Quinn,10,a82d9cac-9163-4db6-a151-778802aa5370,1244038
M1727,Nicholas Fowler,9,adba2ba5-47f3-48ba-a9f7-2a90f36b9371,747470
M1728,Ema Parker,8,1823052d-1315-4668-b694-ee03bc2aae72,926278
M1729,Alessandra Harvey,4,81821184-83af-44b5-8eee-7718dcae4b77,645616
M1730,Erick Healy,1,bc9a04e5-c19b-45fa-8919-4656defb82ae,1391108
M1731,Bob Benfield,7,bc0f4cf0-ecf3-4d8d-88a4-7966df98cb86,482838
M1732,Abdul Campbell,10,6b238b6c-0f41-4a61-9f49-6ff0e5ca8a36,483381
M1733,Kieth Adams,4,00347ad2-f0d1-4cf0-ba8d-5ab0f42391af,696989
M1734,Melania Walter,1,fd3abf17-6a59-4fa2-a173-79c80abb2b50,838969
M1735,John Lloyd,5,07bd673b-6156-436c-af98-478f0242c74f,623965
M1736,Owen Nicholls,4,7fd9e710-5fa0-42d4-ac16-6f6b658307cf,1045132
M1737,Luke Hunt,8,d2841b3e-3b5f-44be-8132-69cf84f8f080,1357187
M1738,Phillip Hobbs,1,eaec73c4-91d8-441d-8ec7-a8ba5399d539,820501
M1739,Nick Logan,1,9305f310-14eb-4d9b-9e95-b4970ed34fb4,233631
M1740,Jaylene Ventura,6,92f6652c-468f-47ec-a2bf-384abb7d124c,27214
M1741,Lorraine Logan,4,42dafba8-3dfe-4ef8-864c-d473b5028dbe,1397048
M1742,Peyton Nash,3,e5fc9fb4-cf43-4e10-8313-50aac1a13d1d,393613
M1743,Rocco Tutton,5,66952667-d155-4abb-b056-2ef58f9956f1,705988
M1744,Aileen Noach,5,57ea8a98-3fbf-490b-95e1-8b472bc2a341,351170
M1745,Chadwick Swift,7,a51909cf-d369-4951-8c67-f659c5383c80,622123
M1746,Julius Atkinson,9,ed7394d7-694d-42f9-955d-cb2321bd22a2,417052
M1747,Emerald Miller,8,ed65c63c-01f7-4362-8155-ea6ff09d80f7,116098
M1748,Joseph Gosling,7,f403afa4-8d0b-410e-8ae1-2b8873e6a932,1480266
M1749,Naomi Oswald,8,d8791142-dc95-48f4-99ef-8e092644cdf4,1344192
M1750,Chad Little,10,4e563380-eab9-4efe-a698-f3bb7dc05220,21667
M1751,Maddison Skinner,2,1f047b92-005c-4991-a929-ef28f27f01f0,1459465
M1752,Bart Reyes,2,2c5a6e94-5f54-470b-87f7-00250ebda13a,293815
M1753,Madison Walsh,6,83c56423-c4a0-4157-ab4d-d8421a373da2,455549
M1754,Domenic Hunt,1,e6e7226c-a107-40a5-aae2-4b55312c182a,1094963
M1755,Elijah Duvall,7,b03591e6-db01-4c50-a6ec-b61ddc9e56a8,836203
M1756,Kassandra Pitt,7,8e5b63f1-fea1-40a2-804a-18867111c101,1482360
M1757,Joy Owen,7,53b7d9a5-10a1-4e63-946d-b86ccdb8e028,720429
M1758,Denis Douglas,4,ceb8e5bc-984a-4008-a044-81bf50a5d2d2,992403
M1759,Deborah Ballard,10,5e1f239e-303e-47ce-af56-585a8571ce13,1119716
M1760,Goldie Abbot,7,708e5447-a9f9-47d6-b8dd-403e40d6ce11,112600
M1761,Stacy Darcy,4,0d1df47b-5815-40de-8b14-124257f4287f,1283016
M1762,Maria Russell,9,ee4edf73-578b-4e9c-a930-78ec0776a434,512764
M1763,David Needham,4,a94d9c2b-2117-4193-93ea-b80f88319cba,890598
M1764,Harvey Walsh,9,4de37e43-f07f-4676-bc5b-70e66a8ad660,1291947
M1765,Jasmine Stevens,7,c056d1e3-0be3-4619-ae31-9ed728cb4f8e,374037
M1766,Freya Varley,9,6a9c1bb6-1b53-4633-864c-729efeb61097,1045839
M1767,Allison Reid,9,b3462b73-2c65-47b8-9f41-a8e86a8f8586,677806
M1768,Celia Reynolds,9,5390cd60-f603-4526-b72b-dc197ef96e83,1346746
M1769,Peyton Thomson,4,e4935761-3345-4b78-9ca8-66d59832b7ec,382478
M1770,Martin Egerton,2,bc8def66-d230-469b-9dff-32c931e46835,34666
M1771,Moira Gregory,10,4f3ebcee-0c30-4f05-ba62-718347e6f4ba,134569
M1772,Grace Casey,3,c2abfe15-1359-4a9f-8910-4f5822ffc571,2761
M1773,Vera Uddin,6,43c72ae4-6bbe-48a1-9c59-70ea4a95cdc3,198229
M1774,Bryon Hood,5,e1710b8e-f306-4759-8177-b3ad9898cd0d,925060
M1775,Erick Broomfield,1,7fb439de-72f7-405e-b34f-1b7752c6b372,1251722
M1776,Vicky Ebden,10,79f44ccb-0040-4e3b-9291-3885ca4dd5e1,1290020
M1777,Manuel Mcleod,9,16c1d946-4389-42d9-b846-7fcfc1b9f8fd,1053083
M1778,Janelle Morrow,1,58c5a642-059c-40e0-88f3-e4fcc90e13dd,770142
M1779,Henry Drummond,4,ca6046dc-131c-45a9-849c-8ece9055ae8c,1088834
M1780,Bryon Rowe,3,e316c432-eae9-4766-9fb4-6b0dccaf7927,1199672
M1781,Clarissa Carter,6,2e7ac96f-f6c7-42a5-acfc-ea645881213d,1259654
M1782,Quinn Whitmore,5,3c9d760d-86ae-4acd-b76d-ebfbf69f2cac,1311826
M1783,Johnathan Price,9,624c7e37-93d1-4202-977d-71a010cfb2ce,331855
M1784,Anthony Herbert,7,c76c81b2-dd88-4b77-9864-6c135e305325,110409
M1785,Jack Hancock,7,cd6564b9-dc15-4403-b724-e9dc0e12f910,1189003
M1786,Renee Poole,3,999bcc02-dac6-42cf-9d88-cc7e7dcc5305,671113
M1787,Parker Ellis,1,ebbf9ee7-ebf4-4110-8d88-7c0f591faead,604514
M1788,Javier Huggins,9,e16d8c52-e31e-499a-b9c1-e2de0b11231f,1474201
M1789,Leroy Latham,3,dd9d6d61-ca76-49e3-b7fa-9ef4aa6c2581,1400252
M1790,Emely Uttley,2,93c10018-9303-4b3e-a98c-c33c6abce05c,696686
M1791,Carissa Radley,9,7c9f2547-5dcb-489a-bbcd-cbf2f0b4c18b,408061
M1792,Fiona James,1,808bebde-6353-4cb8-8f30-49e38e6fcdb5,725379
M1793,Brad Stewart,10,03ba3924-1f40-43a5-bc83-3555e1d56b1f,661199
M1794,Denis Cameron,7,0e596141-559c-4fba-8892-87fe02080760,217487
M1795,Cecilia Bloom,4,838e6611-9e37-4acd-9094-6070e4ff5a35,527490
M1796,Fiona Jennson,5,59b76d4f-e24b-4171-b1a0-abfc6b264fa6,603216
M1797,Miley Olivier,5,046895e0-d93d-4509-b049-389bcca55ab7,936221
M1798,Joseph Payne,7,5a22d245-d0b6-4cdd-82dc-4514113216a2,321337
M1799,Oliver Kaur,6,8a417810-54a7-4e48-9d71-3bfef4b37787,753667
M1800,Kirsten Sanchez,2,93e0719e-b89a-40db-b8fc-177a02c5d169,914816
M1801,Jacqueline Khan,5,08988eff-340c-4530-973f-eac36fab243d,1329591
M1802,Harmony Mason,1,622a844b-e998-41c4-9ffe-53fe8485fc2b,1195387
M1803,John Sloan,10,a6bedff8-5c73-4656-876b-dc4fca803181,227691
M1804,Benny Brennan,8,4164387f-69e7-40a7-a820-0acecc528cb6,521740
M1805,Chloe Addley,1,03097f73-79d4-450f-b23e-d2e9c6d58c9f,1183714
M1806,Jasmine Flynn,3,8e50245a-2c5d-40ba-9764-45e0d01e6f60,363517
M1807,Skylar Tobin,5,eb0204a5-050f-4e80-b04f-eeb8a2e756c5,848630
M1808,Isla London,7,21f6994f-d953-4aef-886d-24ca61581c28,132859
M1809,Javier Porter,10,18c9ebef-4a07-4668-9c1f-dd6f785006d7,1358408
M1810,Maia Connell,9,73567d28-83e7-4f2e-867f-0d76ab4f969c,829868
M1811,Johnathan Latham,3,916c2d19-d726-4f21-a21d-e85c21df5a83,631633
M1812,Naomi Everett,5,06a1f404-c73d-4843-9456-5ca5bf5731d8,696455
M1813,Matthew Cox,2,4f3459af-aff9-45af-9954-e0d20bd8b803,424976
M1814,Georgia Kennedy,4,8a927aae-c09b-422e-9b8c-ac22375960aa,1393113
M1815,Alex Jordan,5,dd65fcdf-3ab0-4936-94de-5261d9c41595,435517
M1816,Hope Harrington,9,314d9fcc-b5f3-4e5a-8cfb-b1b3621f4951,1153601
M1817,Wade Garner,8,23a1ea2a-1205-42ce-b3c9-c777dc6208b7,1250010
M1818,Anne Nash,6,5e8825b8-8587-4a1e-b4b5-2c3232aaff6d,1136214
M1819,Chester Young,6,78d7846b-0d9e-4327-9c75-ed518e56279a,1327921
M1820,Peyton Gray,6,1b1999d8-f366-4e69-b005-cad9eb312075,266311
M1821,Hailey Rose,3,e72c9627-1a78-43b6-86ae-1704bf8a4d0b,517369
M1822,Mona Leigh,4,84cd686f-36df-477e-b934-3dc8be3f3136,847567
M1823,Monica Drake,10,a05988a4-b037-4c28-a37a-065f121a57fa,1291440
M1824,Abbey Ogilvy,5,cb1d582b-c352-4411-84d1-6c83d63121eb,424852
M1825,Dasha Warden,2,94380195-f008-4eb2-9da4-4528c505a606,65277
M1826,Chuck Clarkson,1,881cf36a-986b-4698-8007-a7ff59e81f28,132437
M1827,Shelby Yates,6,0ca7d17a-0407-4f86-b8eb-0c51eb74b9a9,365778
M1828,Deborah Michael,1,1d2fdff5-709e-42d5-8a2f-994be4fac381,351244
M1829,Wade Lakey,5,34f86563-b74f-42b4-b6f5-ab1b174a9193,216136
M1830,Brooklyn Jarrett,1,6aef57b8-b31d-438c-afb6-fedd10a77f8c,650979
M1831,Melanie Flynn,2,75117f83-96b9-4ee0-a2b6-d5bb8946d3b4,245975
M1832,Tom Barrett,1,904f97d3-f799-4487-99cc-2b29a31444b1,1299369
M1833,Elle Wheeler,5,575a2885-c7b5-4d59-8d00-c3036569a065,967944
M1834,Jayden Terry,3,97405e40-727f-474b-8a0d-a544680adec3,962524
M1835,Maribel Hall,8,887401c3-888a-4cd8-b837-48e138302b6b,331721
M1836,Christine Exton,6,ad4c5f52-d5b8-45ad-9e18-5e538ad93629,1363921
M1837,Sabina Norton,10,b902f08d-5345-4f9f-a128-4cbc48a2fdb7,814942
M1838,Lindsay Cox,9,cd2fbe4f-bba1-4e50-9c71-37b8fa6c7d86,1400661
M1839,Erick Parker,3,c4547c89-5203-4335-a835-198d8820709e,860743
M1840,Tom Kennedy,4,eaa496e8-f3b9-456e-92d7-226c7b219110,170124
M1841,Bridget Wills,2,04d159c7-7fd2-47ff-a65a-6e45dfb0f91e,1052220
M1842,Benjamin Zaoui,2,8171b8a9-93b9-417f-9848-75ab8a294161,359596
M1843,Tony Pierce,9,37b95b07-cb09-422c-9e42-7a619329ce80,1167977
M1844,Darlene Paterson,6,4c5a617b-1424-49e7-be7e-be95fc602bb4,889915
M1845,Rosemary Carson,2,a593e961-ff01-4d00-babd-cfaf125519ad,1062247
M1846,Manuel Oldfield,7,da8a6bcb-7b9f-4578-88fb-16b2e726e5eb,1042870
M1847,Daron Clarkson,8,f065cd42-85ea-43e0-9242-8605f7544d09,574991
M1848,John Dale,7,8612603c-e7bd-42f8-82ea-e2f407919010,994034
M1849,Melanie Rogers,6,2cd2f47e-de52-445c-a2ee-83d3cff00121,1231436
M1850,Macy Larkin,8,7424e07e-fb00-49c3-aabd-a8d2f5fc1985,39669
M1851,Drew Yarlett,3,62a4247d-3b44-421e-88a0-d747015b012c,118791
M1852,Nate Smith,4,b879495e-cce5-415d-9fc3-f10e36682132,440995
M1853,Melinda Shaw,3,6c9d3a6d-ec6e-490e-bb00-a9444bb87345,980456
M1854,Carolyn Stewart,9,6e5d7b97-c93b-4d2c-98be-bffeb508dc88,1249092
M1855,Caydence Freeburn,8,63bfdecf-f1c5-4ecc-8cf0-bd6bd6225b2b,1172315
M1856,Johnathan Purvis,9,2f5e9204-4c4f-49a3-a8f6-0d8dca87ef66,654335
M1857,Marigold Bailey,8,134b2f47-78c5-40d6-8f9a-496849e93e38,1305959
M1858,Mike Dixon,7,84389fc7-daad-4187-9539-1d967728c892,759595
M1859,Chuck Walsh,9,476a92f8-6368-4246-bd10-558fec14ccf0,23653
M1860,Carl Cunningham,4,9e657fa3-071b-48d4-98cb-72cdee91938b,830694
M1861,Kurt Roberts,4,d5d8f5e8-327c-4c2f-a3ee-6d3e177859f4,1355141
M1862,Johnny Chadwick,6,e2bff250-5dfc-4794-9229-29f81adfe987,120311
M1863,Leah Flett,8,0d0346c6-4aaa-4f5d-bbbc-6034eb835281,755219
M1864,Adeline West,2,4dcec5ab-314e-4285-aea6-a60f80fdc06c,633711
M1865,Teagan Bentley,4,b8ffa068-50b0-4458-a3ba-60fd654b1876,983579
M1866,Karla Oldfield,7,2aca1998-e71b-423d-ab3a-ba7d2b7a34eb,1230857
M1867,Roger Maxwell,6,df2f2c2a-65be-4e64-ab17-71a0c060ec1d,1438839
M1868,Mya Irving,7,cddb4a45-187c-4a7b-85cc-d15290ea15db,1400687
M1869,Nicole Casey,7,482056af-d251-4ccc-a3d8-41c48a7b0c89,1309794
M1870,Sebastian Lewin,6,b91c9066-5218-42c0-ba35-e5249151461b,103310
M1871,Danny Andrews,2,46367ec6-88c7-4307-b2b4-bb73fe650d9c,1130189
M1872,Jacob Plumb,8,7b74ae46-b997-4257-8846-b29e3412a119,161692
M1873,Drew Woodcock,2,7a2718cf-81d7-45fe-8e70-865e8d7c53a1,1360160
M1874,Madelyn Mitchell,10,3fd1ad84-0272-4eed-a2c2-736b9803a83c,642813
M1875,Bryon Pearce,4,3b935ccf-b113-47ee-9252-c2d501cb2376,478973
M1876,Erica Tindall,6,4983253f-ad81-4c85-a1a7-9cdac539e1dc,198395
M1877,Mayleen Fisher,10,fe36dc6c-ac5f-476c-83bb-20b3d3e207a8,555424
M1878,Johnathan Denton,6,e30ee815-3627-4f95-910e-e670d607e2ca,1170680
M1879,Marigold Ralph,6,a9293125-05a2-4e09-8421-f116e5a669d6,312970
M1880,Isabella Speed,7,213ee75d-4eac-4b34-8330-e1cc97e1f502,662440
M1881,Valentina Palmer,9,99797086-3e46-4310-91e1-8f36e541e944,1347993
M1882,Anne Doherty,1,b1f4b9bb-d743-4035-9d64-6cf07089fcd2,1396558
M1883,Cadence Young,2,f5b9254c-35e4-4aa7-996b-c8d405580426,924737
M1884,Daniel Stark,6,12235719-c20e-4631-b2a0-fbf68967ed0f,1429947
M1885,Charlize Morris,10,22ef70c8-73a6-4e56-a478-6556dcb6b51f,328433
M1886,Martin Lloyd,6,95dd748e-7c0d-482b-b967-1b668728d73a,466507
M1887,Bridget Gibson,4,def0524e-4db9-4a41-9483-d7c6fb580a19,806293
M1888,Kirsten Cassidy,6,5fb43a55-f9a7-47ef-82d8-517fb0e58b06,459635
M1889,Aisha Dyson,3,e504cc5f-af00-451a-94c5-4c7002ee870c,1198743
M1890,Nicholas Hale,6,6d42957f-bda5-4531-ae99-52f9857398f0,779611
M1891,Ryan Ashley,9,0f7b49f3-7a8a-414a-87d6-ed8d703ce954,697126
M1892,Danny Vallory,4,6446a848-5653-49bb-bf3e-1f8d25f8da98,1325062
M1893,Maia Blythe,7,3a3fa1fe-e490-4107-9688-d5e03e124d99,1374953
M1894,Bernadette Bishop,10,a25f2c57-3e58-41d6-a798-9ae7182a81ef,103831
M1895,Erica Barclay,10,2d4e36e2-888c-41a6-bd22-d6562b21bf73,1474799
M1896,Madelyn Vernon,3,9ebe88ae-b813-4d20-b562-9058d2d52739,1124019
M1897,Angelique Harris,10,d7759d8c-948c-4aea-b467-5bc2893c9365,186480
M1898,Tyler Stewart,9,1625acad-6ba1-424c-93cc-fbebc7c4f3ef,480615
M1899,Carrie Mcgee,7,20d48f79-d231-472b-84f5-7ca7342a0ab4,675524
M1900,Jamie Oakley,9,2175f944-f446-408b-9926-7a046c0c1f06,758464
M1901,Sebastian Downing,8,173a2ac2-291a-4924-92d8-4b4bae5316d1,204136
M1902,Sebastian Power,2,19819a8f-0dee-4f13-821c-ec3884e7ece8,1160818
M1903,Alma Nayler,9,c844068a-9bfc-4fc1-b88e-86df69b96d7f,733132
M1904,Logan Matthews,4,5d1c9d3d-dfff-4b73-a2d1-9f5f739922de,994902
M1905,Tom Ballard,1,a5e35a38-ae42-4444-8a65-11a5e0ee34de,1408753
M1906,Makena Lyon,4,0fb65249-7853-4de8-a586-705265b0caf2,289759
M1907,Keira Coleman,3,b1b37096-3abf-4963-8be0-92100177bd1c,612974
M1908,Carl Warden,5,827510c7-5a00-4413-8ee5-4689c5f9e491,1080881
M1909,Laila Ralph,1,ba5f4cf3-8627-4938-a658-9b23e9e84145,824231
M1910,Rufus Newton,3,d85074d7-9668-4e6a-b047-c6045e6732e4,6880
M1911,Keira Freeburn,4,3925e94b-4b5b-4fd5-a746-a00fae642a59,527831
M1912,Audrey Vane,10,402af241-1ae8-4434-85fc-d65f62a8e77b,936223
M1913,Denny Hood,2,160ae531-2884-4781-9f7c-68fed90089f7,1146651
M1914,Livia Thatcher,9,3308ad83-ffb9-4eeb-bd0b-7dc2f1e76280,1191153
M1915,Clint Lynch,3,d8083b6b-d63e-4c3f-bccf-573f01102dd1,1390254
M1916,Mavis Rogan,3,0b36fc1e-8442-4197-bc9e-c31b2f5e414c,503613
M1917,Brooklyn Russell,3,8a0114b9-d3d6-4813-a71f-9e1f0d8be064,86111
M1918,Nate Oldfield,9,d7f8b2f4-25f6-4017-b9fb-5ace3007c9a3,1031136
M1919,Alma Santos,3,52e9bef5-89b6-4ed5-aebe-4174762d1426,946498
M1920,Nathan Franks,1,5662dbde-dbaf-4edf-9308-118ce51a38e6,905294
M1921,Eduardo Paterson,9,8c85630b-ca63-45ae-83a6-5da0f19aafc3,1271615
M1922,Carl Adams,3,c2282f70-8280-4ac2-a546-5d2ae408b9a7,888412
M1923,Joyce Hill,1,d60a6b31-f87c-47e2-ad03-771319a67518,117588
M1924,Johnathan Mitchell,8,3f8dfb89-12bd-42a9-a47a-4a685b77f390,336930
M1925,Kassandra Martin,9,a9494292-3ff5-4e64-acb1-b30a2d8b14c7,1252916
M1926,Penelope Bradshaw,3,549b7027-5557-481a-af93-a2bcc2be5a64,102348
M1927,Caleb Wood,8,47da2621-5e94-4db9-99ed-4f8e41516e10,320676
M1928,Ron Crawley,1,e49499b0-ee0d-41d9-8d74-e4883abeae2a,957353
M1929,Stephanie Stewart,2,0723502a-86e8-42bc-a160-ee7214b8fa9f,593919
M1930,Benjamin Stanley,6,7b6c23c2-ae54-426c-bc3d-03b402854eba,550024
M1931,Clint Johnson,3,99d898d6-0619-40bb-8ba7-794a7809e23e,1035892
M1932,Quinn Lucas,1,8823209b-1c39-410c-81e3-eea3c39ea045,597644
M1933,Jack Fenton,3,89ad405b-e49a-4c7a-84e9-ca038249f884,43296
M1934,Logan Wilcox,8,91ea2e1e-f5cd-421e-bf01-18d392491183,951420
M1935,Esmeralda Mould,8,4ed19d7e-ffb1-4499-abf6-3327e9bca3d0,939852
M1936,Abdul Welsch,2,8d724dc4-acb6-4764-8b66-ace869fa0002,1067210
M1937,Rhea Lucas,5,72852188-70c3-4f97-aec5-548b1f1c835a,267943
M1938,Sebastian Morgan,9,8fb8176a-a46d-4985-afc0-37a8f1c8032a,317062
M1939,Jayden Knight,4,1d853744-ff70-4c35-8f0a-38aa7878498a,33540
M1940,Julianna Lane,3,fca8291c-3839-4ba3-baf2-4661e723cc5f,959550
M1941,Joseph Herbert,7,c16da29f-55ca-4a09-9f69-4d1497198856,354969
M1942,Marvin Potter,4,8e77f36a-bc88-4022-b010-25fb0dd32838,741582
M1943,Lucas Cooper,3,ebc1efd5-654c-410c-a08d-a6889eadbe0b,1353134
M1944,Anthony Grady,7,af7c3129-5448-44f1-a0ce-3b632741ddb9,699659
M1945,Wendy Roscoe,4,aa54d1c1-5541-4de0-9291-cbd43566e3c1,967238
M1946,Luke Faulkner,7,20a03fed-108f-47b5-979e-0b3633519067,1171821
M1947,David Robinson,1,cbf408c2-8518-4f9b-9df1-f9da6185edbf,826710
M1948,Rhea Hobbs,8,954adeee-f970-405b-9e76-6ea07632091c,1400070
M1949,Owen Vaughn,5,cc938a3f-2dfb-439d-8d23-e509b82f5bbb,559282
M1950,Nathan Ebden,7,40db034e-81f1-40bb-8f92-4164789c95cf,964810
M1951,Ember Maxwell,3,b94cfd21-8cc5-481d-b5c2-52b53e7113b3,988402
M1952,Jayden Ripley,8,9633fb26-67de-4090-8f3b-9c7813ab96a3,831417
M1953,Rebecca Moran,8,0e3da787-5aa4-4fff-9783-28e048a31cba,1068861
M1954,Julian London,7,cc155470-7542-4d99-a215-e57fc8f470d6,240382
M1955,Jayden Stevenson,2,741cc5b7-9ea7-4187-9f14-ba4d25cf6267,536175
M1956,Lana Graham,6,65b18c9d-03d6-4c7d-a7c0-334ea170434e,1174754
M1957,Bart Stuart,6,97681cfb-9793-4a3a-8408-aa96b12a0966,875661
M1958,Jazmin Walsh,9,528332f4-e19d-4dd7-9e40-ebcecc12efd5,623806
M1959,Karen Fisher,6,93689ce3-2cfc-4a1d-92ef-1a6af99a9efb,448316
M1960,Eduardo Redwood,1,6a9adbef-0bc2-400b-8b6e-e3c392ac3889,1459776
M1961,Amy Mitchell,1,e8e90433-4f86-4fe7-995b-b2b8eb40dc4e,64045
M1962,Liliana Moran,9,43a2aa30-01ad-40cf-95af-959e2900eae1,1226072
M1963,Julius Whitmore,4,61c2c398-3db4-4dfe-badc-16af93d87cef,584415
M1964,Ryan Yang,9,403d6117-c9ef-45fb-a795-6f263d7d38aa,674406
M1965,Manuel Alexander,10,3d0cf8d2-d4c2-4cca-9ceb-1639f00d94a2,519413
M1966,Matthew Thorne,7,e9fc7f17-f95d-484d-a74d-8c5c3a591fe7,847899
M1967,Abdul Anderson,3,2d937538-7b70-4c25-8cf5-d5ba46e42dfa,825648
M1968,Peyton Lewis,4,32de1602-4002-4023-919f-f438338c3fb2,289458
M1969,Nicole Lee,4,64017ac8-537d-4ba1-beaf-a65087b50ac3,578150
M1970,Javier Shaw,3,1619c6e9-2532-453b-a666-678ec373f8d0,1413383
M1971,Benny Clark,10,13842145-6346-44f8-bb84-fde54dfdfb63,1468044
M1972,Alan Rowlands,6,c720c1d6-d8c7-41f1-89d6-63850eff9070,1272390
M1973,Kirsten Tennant,2,27c98255-f36d-4588-868a-e525a16b38a9,1009728
M1974,Chris Wright,7,b65ba426-4e36-4800-acb5-f0072856bb71,1175144
M1975,Ada Thompson,8,47c2054c-e1c1-4a89-984e-bc2769cd23e9,1085020
M1976,Parker Goodman,5,0e497734-6875-49fe-ba6d-1b58cab6e426,1009054
M1977,Barry Gregory,8,d76bad80-ddaa-4502-ba32-5108bd4858d5,1235999
M1978,Martha Thomson,5,ba5f8896-50a9-49c9-b592-de588441ab5d,623360
M1979,Chad Eagle,6,35307d19-6004-4c9b-b35a-ce60a8409a79,349826
M1980,Lexi Abbey,6,3d4a1e08-f152-4fe0-8d9c-ebcc0fd34c69,974253
M1981,Martin Wright,6,997d6e1b-197a-4578-824f-cea7bb03d16f,404502
M1982,Anne Amstead,1,6b9d0336-9f5d-45fa-9534-b198cd0d447a,250357
M1983,Denny Sheldon,4,ed30c6dc-c697-4232-9822-b95db492884a,1326597
M1984,Renee Holmes,5,2efd242f-f167-4dac-9693-fef67cd298a4,1472443
M1985,Anthony Ellwood,6,d573e430-6762-425e-a8dd-f81afd392c27,815052
M1986,Elisabeth Willis,10,85309a94-8986-45c6-8e6a-c70c3551a893,701047
M1987,Julius Mccormick,8,2433d171-5b2a-4ff9-beb3-fa1071008147,298427
M1988,Mike Cann,2,59a2e935-8a3e-4a63-b739-92058284931c,516320
M1989,Bart Dempsey,3,57d9ec28-6a39-4b8f-addf-4ffa0d0d3325,1066986
M1990,Evelynn Ashley,9,cb61402e-8d63-4873-a692-ae633274ada1,894531
M1991,Rosalee Allwood,2,e15e4581-710d-4966-8333-d513bda93394,683135
M1992,Rosa Utterson,4,72a66798-50e4-4827-be01-ed06bf04cda7,903157
M1993,Jazmin Robinson,6,0e39198a-4ba2-4b50-9afb-6a6ef57c14d2,1157257
M1994,Abbey Martin,10,e7090d47-2082-4f9e-bfc5-e84c79fb3a21,1424337
M1995,Chelsea Rowan,6,e2bdfac9-b077-4401-841c-a14b9489aff2,1166
M1996,Marigold Bentley,3,3ac36f74-bf46-4b0f-bbf1-582d6a90f4a0,555495
M1997,Michael Horton,3,d420c6a2-879a-4a57-a754-607cbbae0ded,136405
M1998,Trisha Middleton,1,12101660-6371-4089-a686-53ae7ca6a50a,499218
M1999,Tyler Wilkinson,5,40ee607c-f489-4d7f-b7e1-d2998244877b,542318
M2000,Mike Keys,9,00c7004d-c520-41df-893b-03a1f7c34c08,1167865
