ID,train_id,image_source
PP0001,1,ec1bce50-bd98-459e-856d-d2004c9e5007.jpg
PP0002,2,d09f4157-797e-4a48-90a8-70e4846ad84f.jpg
PP0003,3,14179577-9531-44b6-9964-7c9a63c90fc8.jpg
PP0004,4,92fdd144-4084-4f70-b85c-29ae1e8bf47c.jpg
PP0005,5,cec26dc3-077b-4599-ab6e-33f428ab34a4.jpg
PP0006,6,e6ca66a5-a4b1-42e4-8e97-cbb3b92be03b.jpg
PP0007,7,ac94e829-d6b0-4c36-bb47-46d9122427e6.jpg
PP0008,8,14725629-ebdd-4bd5-93bb-661d636852fb.jpg
PP0009,9,6c54985e-e5aa-4fd3-8dad-04e7bdd3a132.jpg
PP0010,10,18207d3a-9ced-40d2-92a9-3163d993294b.jpg
PP0011,11,4b6928c4-0bd5-480e-b98e-a3b12dfec589.jpg
PP0012,12,236b30d6-1475-4763-907f-d4211aa43d42.jpg
PP0013,13,b3ccff2a-8371-4f8d-83b1-f5a4e1702d84.jpg
PP0014,14,44258b12-2104-4d32-b5d8-2123256e895c.jpg
PP0015,15,97c4b066-2228-4240-8411-f620d884068c.jpg
PP0016,16,e3a12e24-728b-444a-ac80-2893d56704e8.jpg
PP0017,17,d4bb5890-a723-417e-9fc2-9a75855cf725.jpg
PP0018,18,79d8ce32-7fff-40eb-8a23-e86477f1517d.jpg
PP0019,19,c725d526-4f59-4b31-aa77-1dd7b63d7772.jpg
PP0020,20,702efcd4-49a5-4b0a-9ab0-46200b2b1109.jpg
PP0021,21,796b4912-4036-447c-ad9e-c004326ed92a.jpg
PP0022,22,d07883cf-3f94-4713-b520-279ee82eca25.jpg
PP0023,23,cd988927-06ae-4419-b071-b4ff016fa622.jpg
PP0024,24,59b734ff-d6eb-49ac-88e7-fc6a295f7fe4.jpg
PP0025,25,39e676c0-513b-4b84-8333-624b66324f53.jpg
PP0026,26,b8def73e-4cf7-4ca4-a9b6-85d70581af00.jpg
PP0027,27,6b02fea6-a83e-48a6-8afa-7a0095ebdfa4.jpg
PP0028,28,cf915927-3c25-48d0-861a-3259b8b41b72.jpg
PP0029,29,0937975d-15e3-4c2f-aa87-d693f8bc1542.jpg
PP0030,30,88170fe3-4dcd-4ae0-8bf4-82b7bcf4bc88.jpg
PP0031,31,565ce5c8-85bd-4e2c-b175-b6954fe2a3db.jpg
PP0032,32,acc3f5fb-c464-42de-8343-7c97e1b19612.jpg
PP0033,33,22acfdcf-efd2-4831-b5bd-f5c4ba100c31.jpg
PP0034,34,1be4b75c-59b2-4d03-b353-57a2eaa8c456.jpg
PP0035,35,56621d6a-3cd1-4930-af71-1eff4e4ea293.jpg
PP0036,36,142c3597-3701-4cb9-98e2-3b9d642e3e58.jpg
PP0037,37,b490162f-429d-4696-aca4-b37ce1231821.jpg
PP0038,38,7cc89a70-8fb7-4d07-bc63-9a14b1f3b0d9.jpg
PP0039,39,847c23f7-0d88-495f-9b27-7ed4745628e1.jpg
PP0040,40,38c8e215-777b-4c8b-b4fd-61566348493e.jpg
PP0041,41,f1c26b8e-cbc4-4c0b-a92c-772b944c3180.jpg
PP0042,42,053181b4-5302-4241-9743-88b11f2c1605.jpg
PP0043,43,d19bb38d-a897-460e-a8ab-de2e7da5816a.jpg
PP0044,44,637add58-740a-449a-adcf-2c0c51502949.jpg
PP0045,45,b0140dca-6ac1-4f23-b251-3a2430638e69.jpg
PP0046,46,bd82e719-a001-4b33-a8ea-7d7caee45bd1.jpg
PP0047,47,59cef2dc-6b6c-4e27-acb1-45f4cb92ead2.jpg
PP0048,48,c89d41cc-df98-4fd4-ac17-6ca5cfc41abd.jpg
PP0049,49,bf42b1c9-da9f-4794-a3f1-474bd029bd89.jpg
PP0050,50,073725cc-d4b0-452d-b8dd-71d4fb6893e4.jpg
PP0051,51,2033540e-edc3-45e7-8ae2-9eb0c776b0bf.jpg
PP0052,52,1eccac93-a2dc-4262-a753-17f23fc31b1c.jpg
PP0053,53,5047060f-ac66-425e-919f-c5447dad7fa0.jpg
PP0054,54,3e82cc75-e374-4aa8-aad0-64cb43b8cb4a.jpg
PP0055,55,3296b72c-d723-4584-aec7-12edad232854.jpg
PP0056,56,55ff74bb-4fee-4739-bbb9-93f5f39e71e2.jpg
PP0057,57,86848c85-631c-41c4-957c-33313fd130d9.jpg
PP0058,58,76f124eb-6b69-4795-bb4c-3b961c642bfe.jpg
PP0059,59,01bdc0fe-bb12-4c0d-ad00-02fc88882ff8.jpg
PP0060,60,2bbf50e2-7bbb-48f4-806c-2ec2511daa65.jpg
PP0061,61,b77ed17f-ab3b-4bf3-8f87-0f323ff40cce.jpg
PP0062,62,d44da358-2723-49ee-b944-05fb5066e4ed.jpg
PP0063,63,c39bac86-33e8-45dc-bd04-d2c0b96b7e6a.jpg
PP0064,64,0624d556-8d65-4c97-8202-71e24ca00627.jpg
PP0065,65,62c2c26c-c5c5-4f96-b247-4ae91a65e18e.jpg
PP0066,66,6ee31aca-b49a-49cd-b6fa-f8b89c3bcef2.jpg
PP0067,67,2b8e6f01-dcda-4772-8a60-1bdaef462257.jpg
PP0068,68,7bc9bad2-4ea1-417a-b52c-e9b184bf2780.jpg
PP0069,69,1eb3e65a-a66f-4338-90e3-c4639735ad25.jpg
PP0070,70,c6af261e-3d39-49e8-9727-2aa0f175c8f4.jpg
PP0071,71,f38ca3ff-dd38-4d4b-a3f2-c288d24de8d0.jpg
PP0072,72,41e6ee29-e4b0-425d-80ec-76c4b7cc171c.jpg
PP0073,73,a5f1a47c-62ca-46ed-8c0b-530cc8bda5a0.jpg
PP0074,74,656235fe-2e99-4c37-803b-2595d764927a.jpg
PP0075,75,c1d39626-b603-4205-82c2-12ffa917de3b.jpg
PP0076,76,5a0e2a86-f3eb-4ba3-ab66-a2b8a8cef967.jpg
PP0077,77,4e9e6bdd-e747-4c71-b151-7d39501e3751.jpg
PP0078,78,9ce65bd6-bc84-4165-9db4-2f84de993824.jpg
PP0079,79,7ef81499-0253-449d-98ef-d302371b429c.jpg
PP0080,80,a0c0e00e-be82-4abe-bb3a-53b2a9511bbf.jpg
PP0081,81,f1687545-9fa5-42ca-91ca-75c897487677.jpg
PP0082,82,0f5abb0a-441f-4d2b-9f94-1802e7e4eca7.jpg
PP0083,83,3630423e-a5c7-4024-af97-877a1d8abe95.jpg
PP0084,84,7e22051a-9631-4561-9353-2fec8f6e9fb9.jpg
PP0085,85,526682ae-31cb-449c-833c-14938664c8c5.jpg
PP0086,86,88c2dc8f-7388-43c9-928c-ee40e01e160c.jpg
PP0087,87,9dbd7194-9c84-4011-b355-ddf89d2318bc.jpg
PP0088,88,f3d55c53-8a67-404b-acca-cdab53f0af73.jpg
PP0089,89,25568407-675d-4451-80a8-44fa5dbe33c0.jpg
PP0090,90,e61ce7ae-03d7-44bc-852a-cf361e661075.jpg
PP0091,91,7712aeff-2efa-4dc8-9da4-9d408f1c7dce.jpg
PP0092,92,dd5eba3b-419d-4b1c-a64b-4196ee407abd.jpg
PP0093,93,5c76d7b0-070b-4513-9bf3-3f8688c5e4b0.jpg
PP0094,94,c7bf4260-4447-486c-9244-4e833e174e2a.jpg
PP0095,95,b0ed343a-4f33-4dec-b75e-20e0779f945c.jpg
PP0096,96,bfe606ce-477c-403e-bf77-519fde324987.jpg
PP0097,97,dbb24e45-7b43-409b-ab53-ce07ea46b02e.jpg
PP0098,98,fa08a044-d651-49bb-8b4a-16e6f24ce30a.jpg
PP0099,99,42ff4064-9bd2-44b2-9e5b-8ecaed662eea.jpg
PP0100,100,0971315b-9a16-48f9-9dc0-c4422f603c7d.jpg
PP0101,101,08f9f620-612e-4589-8316-ab19c2f98842.jpg
PP0102,102,afc22bab-2702-4e2f-a2b2-6d579efc86c5.jpg
PP0103,103,97aa59e8-817d-42e3-95a5-0aa143d3ff0a.jpg
PP0104,104,e93ee09b-fc66-4818-a96d-27be6c474236.jpg
PP0105,105,b4588e56-d31c-49c7-923f-a63e0cc74fad.jpg
PP0106,106,217fd390-bc3d-44b3-b426-97db3dcd8362.jpg
PP0107,107,da25bc35-0d30-46ad-8b71-884ac2dbbcc6.jpg
PP0108,108,41c0fc5b-c664-41af-ad1a-4979e5d469d2.jpg
PP0109,109,a17c4087-2424-4d4f-ae96-fd4e84bb368a.jpg
PP0110,110,f6ad5658-b8bb-41b2-9929-d1bc6238dda5.jpg
PP0111,111,1d1e0eae-2d05-450d-b39c-0d61479d6461.jpg
PP0112,112,9bdcc28f-d3f9-482a-b349-e00b8e82bc82.jpg
PP0113,113,c4820863-b92c-4b43-a04b-10b82647e8b5.jpg
PP0114,114,c7d142f4-73a3-4b99-9e35-5f1f707baa53.jpg
PP0115,115,a65e75fa-9eb5-4ab6-bad0-5d6dfa6c9ff1.jpg
PP0116,116,f882d3c6-1f41-4b8a-8624-a2d885bc0542.jpg
PP0117,117,ae6be036-bea0-4339-ba2b-a167dc4f42af.jpg
PP0118,118,77f789c1-4e8a-4606-81af-6341de7f4617.jpg
PP0119,119,5828d68c-2f7f-4139-a70d-aebafe32ce05.jpg
PP0120,120,042005de-0588-4118-b267-81a6892a80fa.jpg
PP0121,121,654b552b-35ac-468f-8cee-42a7c59857e0.jpg
PP0122,122,643e8393-cf70-4bef-934b-10464831acb1.jpg
PP0123,123,337ce5d5-f718-4f71-8039-e3f41dec70cf.jpg
PP0124,124,51b35aa9-ad21-4324-ba9f-a118514dd7fb.jpg
PP0125,125,3dc507f2-fbc9-4c46-abef-3fdb3bfb1fde.jpg
PP0126,126,57fe7cfe-2ccb-4b92-81aa-90de747c8e44.jpg
PP0127,127,642174e3-9ec7-49ce-a8b9-c75ad653d82b.jpg
PP0128,128,95661875-cc2d-4622-a1d5-f8ccfd9a2e20.jpg
PP0129,129,904a473d-0755-464a-ada7-541af23a3b40.jpg
PP0130,130,d51fbc5e-f42e-458c-aae3-f3c89a2444cd.jpg
PP0131,131,20e93884-bf9c-413f-bc9b-a919ecacf16b.jpg
PP0132,132,3fb31da8-03e0-48c4-84d0-1e45e6e846cd.jpg
PP0133,133,77d6e0b0-4cb6-4683-92cf-27b964894330.jpg
PP0134,134,06d7dd25-5a61-4045-8325-51e7f2c39a9b.jpg
PP0135,135,fbb7b8bd-d0f2-4737-ad2a-b487cb4a4ea0.jpg
PP0136,136,00356854-71f8-4cd6-a1f9-7d7f6aa2468f.jpg
PP0137,137,2beb24d1-a75c-4c82-8c27-d9687c611c7d.jpg
PP0138,138,faf21dfb-b875-4f49-b942-8a92c12441a5.jpg
PP0139,139,258b2853-682a-4d54-9c67-49ee1739ea74.jpg
PP0140,140,4b7f097a-b8af-4b6a-98fd-aa2d520fa6d1.jpg
PP0141,141,a1d0de94-3a0c-4552-8140-ff149c81714a.jpg
PP0142,142,eacc0840-1db9-4220-9fb7-79ae991932d9.jpg
PP0143,143,7c79d626-5d7a-4ddc-9c16-d1c8395cc683.jpg
PP0144,144,93a10a76-87b4-4ea0-8221-80e7c21e8307.jpg
PP0145,145,d7ae0618-acb1-4a1a-a891-812241ea2558.jpg
PP0146,146,19ac27c3-e97e-44f4-bd52-176910ce88cf.jpg
PP0147,147,9289db56-d118-4ecc-829a-d17186a4bbd3.jpg
PP0148,148,57e41a1e-14e4-41c3-978a-5b5ff808b5ef.jpg
PP0149,149,4f6055cd-5e5f-48f2-a0e4-efc7671b276f.jpg
PP0150,150,e2ad433b-e48f-452c-a289-210bbdc17717.jpg
PP0151,151,5eca3bc5-b382-4a8c-9a4e-ec472893a198.jpg
PP0152,152,c8b4705a-9634-46e6-82eb-3ee035598212.jpg
PP0153,153,76c76c0d-708e-468b-87e8-807be2abd515.jpg
PP0154,154,3e46470f-e289-4a47-a0b9-e26cf8e855b9.jpg
PP0155,155,9a34d20d-e743-40ea-a5d8-fc23b7078bdb.jpg
PP0156,156,3d828a70-151a-44dd-96c6-5b8a34b57787.jpg
PP0157,157,b3500d65-dc73-4eba-ab6e-b414f7a15f80.jpg
PP0158,158,8acc946a-4696-4b3b-bad4-03c54695dfe4.jpg
PP0159,159,a832a956-ebdb-4169-8ab4-46f573fac2a8.jpg
PP0160,160,fcb25562-5609-4e7c-aa98-b8ec888fcced.jpg
PP0161,161,9e9fb98b-88e4-4ad7-9e5a-b7906eca387b.jpg
PP0162,162,f6b590a0-b574-4ba7-b408-2b52777f7650.jpg
PP0163,163,c30e2d23-da88-40b1-a066-4d77f76f19d9.jpg
PP0164,164,621e952d-04eb-4f10-8d7a-62f7d2847e79.jpg
PP0165,165,1cd1087a-6190-4f76-8ce7-41fc8679bdda.jpg
PP0166,166,ffc05d2d-76e4-4b62-852f-a40ce419b913.jpg
PP0167,167,d869c92b-749c-420d-9e24-691f1f6f0785.jpg
PP0168,168,5f893b2d-1d69-4ccd-aed3-fe10db231668.jpg
PP0169,169,6b60b3f2-b3e5-49a2-a016-e7e813153a94.jpg
PP0170,170,5ee9c103-4a97-4e41-83b2-3a7ca9911d20.jpg
PP0171,171,e4bf84ae-9849-4cc8-af25-3b76c15c4616.jpg
PP0172,172,f8018693-95ae-44c8-b7a0-aa9643f51d6a.jpg
PP0173,173,bc293096-17bc-49e4-8199-f6c626bff3d4.jpg
PP0174,174,5d8f2d2e-072f-4058-849f-1af1fcf1cac5.jpg
PP0175,175,85c9517e-9331-4532-af8a-a2ee10ffb4c0.jpg
PP0176,176,3ac7e63f-e2df-4302-b9ff-0ac9a2974a92.jpg
PP0177,177,0d60acfc-de1a-46e2-83ae-8aa3e0efaed8.jpg
PP0178,178,379e1f63-92d5-44d4-9414-b9483849b075.jpg
PP0179,179,95a1916d-50d6-4a6c-8243-cf2ca4a748ae.jpg
PP0180,180,588e6ed4-4c3d-40ff-968e-ce33c0085eaa.jpg
PP0181,181,c78b0829-a93f-4d1f-8f68-551345fba60c.jpg
PP0182,182,8d97ba3a-8fd6-4a7d-83b6-7bf0dab66a24.jpg
PP0183,183,686396f6-f371-4923-b3f9-2680de3d4288.jpg
PP0184,184,c5f7db1e-1c0f-40af-a742-5b38d14cb12f.jpg
PP0185,185,43ee5b80-96bc-4cee-a78f-90f52ed91990.jpg
PP0186,186,b02c8273-2c0a-4179-a472-cd27583fdac9.jpg
PP0187,187,15e82fb4-9152-48b3-8e71-283e90a27489.jpg
PP0188,188,86cad89a-ae2d-4891-a99c-d0995a19e6b2.jpg
PP0189,189,52a09e79-a288-428c-98e7-d84d526b38a1.jpg
PP0190,190,94d68bfd-ba1c-454b-a7b9-53904c18499e.jpg
PP0191,191,bfbf112d-088e-456f-b23e-7377816b3a04.jpg
PP0192,192,011a20ec-1c5d-4e80-bbb0-bc361683d523.jpg
PP0193,193,7868e3cd-5c25-499d-95a2-57b488fd4549.jpg
PP0194,194,c5395670-c947-4090-8e73-fea965175e3c.jpg
PP0195,195,a4c662df-0074-4966-b82b-43468429ebf4.jpg
PP0196,196,6cabc7fd-3195-4b15-89ed-384de06183fc.jpg
PP0197,197,98b8b754-9b0c-4504-b4e3-fc0622629caf.jpg
PP0198,198,7713e2e0-0b78-4467-bce4-079c40ac9879.jpg
PP0199,199,e22c8326-ed27-4a60-acf0-80f014498c66.jpg
PP0200,200,41e5be59-ab68-426c-b18d-2d9a23aeba0d.jpg
PP0201,201,24943493-fd1a-43ae-a8c4-a69ac0d1d36c.jpg
PP0202,202,a4a28c47-c403-4601-86a0-e0f9edc3be1b.jpg
PP0203,203,3a31f57c-ca37-485a-aeb4-a302cc7506f2.jpg
PP0204,204,91f49eb0-3a3d-4e35-bc19-27e5297d50fa.jpg
PP0205,205,b466111c-bec9-477b-8224-d856788df8ef.jpg
PP0206,206,1949e94d-d447-4eab-85b7-9f90b277b3b1.jpg
PP0207,207,8cdecee4-f1f3-4c86-8dd3-b19ec280cf1f.jpg
PP0208,208,ae1f502b-837a-4135-bcb9-80e65d8bb9c6.jpg
PP0209,209,589db44e-a235-478e-a323-cd9cb017013f.jpg
PP0210,210,8c9388b2-6c14-4f4b-96d4-f496ed58416c.jpg
PP0211,211,34b24341-d74c-420b-b5dd-8b5ee80f3719.jpg
PP0212,212,16df503d-495e-4f31-bd52-7a2f553524bd.jpg
PP0213,213,a5044a30-7ce3-45a2-a46e-6ad1130c4ec2.jpg
PP0214,214,017febe7-b899-46b6-b55d-d77dba0dc51a.jpg
PP0215,215,1919eee1-de1d-407e-bebe-7cc57b056ea8.jpg
PP0216,216,8bc96f87-f94e-49ea-8e53-626eb8ac2a75.jpg
PP0217,217,09255558-66ee-4dea-857b-fcfd47291734.jpg
PP0218,218,839e964f-6c3b-4cc9-a9ed-898f26eaae94.jpg
PP0219,219,d5a65f3c-8cf0-4b63-99a3-70b7acec2777.jpg
PP0220,220,256f2e52-b49d-41a3-bb5a-5df49ac24235.jpg
PP0221,221,15ca62a0-d23e-41f9-8ce8-29ccd02a748a.jpg
PP0222,222,f9fa1bf8-d748-4faf-8d01-55bcf8d23434.jpg
PP0223,223,bd48e939-5ae0-457f-9012-a2613c976fce.jpg
PP0224,224,3dcca96b-c3a0-4726-9233-3a8453d65ea3.jpg
PP0225,225,6619ccbb-4b36-4ae2-842b-83b97bacc860.jpg
PP0226,226,1c0d6949-0ac5-4e62-b792-996cfd5f7492.jpg
PP0227,227,c3c4b639-64d2-4c57-a114-fbf580d8ae09.jpg
PP0228,228,40ae2d95-8741-4081-9e5f-0c99d15a6ba8.jpg
PP0229,229,916c71c8-674a-4111-9b4a-48d878551454.jpg
PP0230,230,acdda6d3-ba88-48f3-982f-3a8dcad5b5c1.jpg
PP0231,231,b3fa9203-3460-471d-a576-7bfc25e332c7.jpg
PP0232,232,a999bea5-d626-458e-80d1-f74cff988a2f.jpg
PP0233,233,2be6ddd6-adf5-4cca-b75f-1d65e404fc62.jpg
PP0234,234,018b790a-0a65-4a62-be95-6b222ccaecbd.jpg
PP0235,235,c6121f8f-bad6-4804-af0d-85d5e8838e1e.jpg
PP0236,236,0e869e08-42f6-4967-b65f-3c6f0c3a3dee.jpg
PP0237,237,bdf90082-2ff3-47ce-9b7b-35694b6f5741.jpg
PP0238,238,fc5d744c-14da-4b0d-8aba-ff13eb8a6908.jpg
PP0239,239,d2e8bd2d-977c-4246-b65a-b7efb5c2d3db.jpg
PP0240,240,c5596959-4e65-4e92-ba64-4a3c41c60964.jpg
PP0241,241,78c561b7-3778-477a-afc5-77a17fa3cbfc.jpg
PP0242,242,d35c3e35-4ca8-48c8-89e5-0a6b9b47bcbf.jpg
PP0243,243,521e30f7-a405-415a-bbcc-f157a8760cf3.jpg
PP0244,244,932dd2cc-fea7-4666-9577-b15d3f8bca3b.jpg
PP0245,245,b506d20c-1bb5-47d2-b6e9-4e31bc81bea2.jpg
PP0246,246,21e80f91-c7bf-4529-a7cc-bfa81abd9ba4.jpg
PP0247,247,6cac8dd4-5094-4f1d-9333-fb8f7ad2563c.jpg
PP0248,248,93ae7eee-e5f1-4557-ae64-d1b849913aa3.jpg
PP0249,249,fda5799b-8044-4b02-aceb-575d0ce1efef.jpg
PP0250,250,cdbb9d8f-02d0-49fa-a740-bb11768b8923.jpg
PP0251,251,40a4274a-ef5d-4793-933b-f1d04b43f797.jpg
PP0252,252,868479ad-1fcc-43be-97f5-5d8215125b7a.jpg
PP0253,253,d0960a4e-da64-4219-9496-935d6db5917c.jpg
PP0254,254,cdddfc85-890d-446f-959e-4bc2c8e6b155.jpg
PP0255,255,dd8ea90e-4aa3-4a13-98be-a24ece7ac656.jpg
PP0256,256,da1ee22e-0982-4875-9c47-4cf21b8b388f.jpg
PP0257,257,f37b2961-a5df-4546-8ef9-98b659e4a0e3.jpg
PP0258,258,dc166e38-1ea9-4193-8097-85ef9aee5d6e.jpg
PP0259,259,8bc3038c-c0ca-4ecc-bc3f-35bb91fbc52e.jpg
PP0260,260,463b8a42-2f5f-4121-a9f1-0792e18dfc86.jpg
PP0261,261,0c71da51-a784-4cca-8c57-92acf2a38160.jpg
PP0262,262,d41fed36-c307-4979-bb77-d724b33da951.jpg
PP0263,263,8cdd4a76-d934-46d9-ac40-a5aebaf8daef.jpg
PP0264,264,d7425df7-8841-48c1-8e13-7d63da3de9aa.jpg
PP0265,265,dd5c6e7f-aef9-4dc4-a88c-1d0cf8e15e62.jpg
PP0266,266,a86a7637-b46f-44ba-9053-85f692ab6a30.jpg
PP0267,267,5332d87f-3c7b-402b-9c42-0f318dd975a4.jpg
PP0268,268,f1e576fb-eb46-4c09-9249-b9950c19c241.jpg
PP0269,269,aea944b0-299a-4028-a3ab-b22c60d01279.jpg
PP0270,270,405f6803-365d-49b1-93a8-08a1a82b5852.jpg
PP0271,271,e86c4462-3771-480d-986e-4c1e4486385e.jpg
PP0272,272,b40ae704-77f3-4cbc-8ef5-7d37e85bee4a.jpg
PP0273,273,34920004-2d29-4ee4-924e-094217f0c8a6.jpg
PP0274,274,1449c955-1b0d-453f-bbae-1883566e6b0b.jpg
PP0275,275,67320a8b-2abd-476a-96b7-f6ea709eba4b.jpg
PP0276,276,f9caaac4-9a31-49bc-bb86-aad63d07813d.jpg
PP0277,277,a2318755-7550-47ad-92e0-5e1b42d6254c.jpg
PP0278,278,5e2dd674-72c4-4cff-ba1f-2f301fa1e2d5.jpg
PP0279,279,36736981-124f-459d-8c41-6117efa0c6d2.jpg
PP0280,280,f23a81f0-bda4-4ef5-8040-2cb9835cb5f1.jpg
PP0281,281,377196b0-f580-461d-8eb2-3b99b4c99326.jpg
PP0282,282,27cc32e7-14a9-4370-8e5e-d75b6d9e2c61.jpg
PP0283,283,5f8ab0d7-ae11-4b46-aa31-c02629fee174.jpg
PP0284,284,3a153243-b700-41bc-bd18-50c0251ca4a5.jpg
PP0285,285,1b8b599d-0fe7-4684-9f64-206329e11853.jpg
PP0286,286,44cf89d0-c277-49f5-9a2c-34f55c639d4f.jpg
PP0287,287,7bf13606-f5bd-46d3-8038-f0a9e41f5d36.jpg
PP0288,288,22b60498-52dc-4a77-87cc-b7d421f1af2e.jpg
PP0289,289,e69339f4-aa6f-43c5-96d3-0ca8e2ff6d6c.jpg
PP0290,290,ba96827c-4ae5-4c67-ac3e-8b15f123fa24.jpg
PP0291,291,73d19cd5-9445-4b88-899b-fd2c58bfcbec.jpg
PP0292,292,7983dcf0-6006-4492-b8ed-713cb4ebfcc2.jpg
PP0293,293,b729d3de-8731-43ad-89a5-7bf9bdf4e03e.jpg
PP0294,294,8433352e-b46d-429e-9b7c-6b862e336b9a.jpg
PP0295,295,e17acfc4-f591-4085-b6bc-3cc05def7ac1.jpg
PP0296,296,b944daa3-9b7c-4bab-af06-d574be67a38e.jpg
PP0297,297,4957e779-c401-4b96-ae7e-8050306b9789.jpg
PP0298,298,5986a3b2-ef7b-4eb4-bd1b-e3d3cb1ced4a.jpg
PP0299,299,8940c7dc-a668-4f2a-ad07-9274a2e8bd22.jpg
PP0300,300,e42a96ba-2dd5-4231-810c-9e5939609f13.jpg
PP0301,301,91dda22e-470c-4835-a4b8-ddb1bb207946.jpg
PP0302,302,b334d148-6e00-422e-b144-82375b9497f1.jpg
PP0303,303,46852fb1-cc19-404e-8358-fb07df81781d.jpg
PP0304,304,918a08fd-bbd6-4673-b252-34a22b7c1e35.jpg
PP0305,305,4cc004e9-d0b7-478f-b861-0e76d2fa42f2.jpg
PP0306,306,85976e07-fb7a-466a-8fb3-7658b824b2e6.jpg
PP0307,307,17ec6269-9c8d-47b2-8dfe-e547627bc837.jpg
PP0308,308,e2e5b9f4-c82e-49dc-b61d-be51f3224ac1.jpg
PP0309,309,2c36fa7b-9061-423d-beac-4d0acae909f1.jpg
PP0310,310,dee4aef6-a196-4cd3-9f42-8bd83bbc0e3d.jpg
PP0311,311,810a1cdb-2ab2-466f-87a0-c9ada2b918e1.jpg
PP0312,312,d3bb726a-205d-469a-9295-8b203b43a459.jpg
PP0313,313,fe1a20b2-d126-4353-a040-d54ed7a27226.jpg
PP0314,314,3a7b1873-d854-4ef3-acdd-9321d6d154f1.jpg
PP0315,315,393ea4ed-b15f-4574-8321-3119ce83f396.jpg
PP0316,316,fefddd03-65ff-4e4a-aca9-74ff57155c67.jpg
PP0317,317,c71b0e3a-e056-4977-a106-112098ec3067.jpg
PP0318,318,55cf6adb-86e7-49f9-8d45-12f20fe0e148.jpg
PP0319,319,c539fab0-7b36-4f7f-b42d-c01006574c86.jpg
PP0320,320,d0ac8a61-7f76-443f-ab7b-f11acfd39bf0.jpg
PP0321,321,898d9622-7a4d-4a6b-94e5-6e3ba7442097.jpg
PP0322,322,b55070db-5daf-46af-a33b-84499e9780ba.jpg
PP0323,323,b6303be3-4463-4463-8fc5-1ed09535fc4d.jpg
PP0324,324,321b5030-4d37-4b04-9a1f-cca14d4f0b62.jpg
PP0325,325,1da9038a-9ad2-4c52-8027-3bb952798c77.jpg
PP0326,326,a99457de-66db-4eac-adad-f7bbb2847a6a.jpg
PP0327,327,8e83d141-c18a-433f-847a-50c690bea648.jpg
PP0328,328,68cc6ef3-6d8c-4338-9509-f621ee95543a.jpg
PP0329,329,0559658e-3e95-4978-b5c6-206cff74cbd8.jpg
PP0330,330,5d24f05c-30cb-48ca-a331-ff89c4c0ef44.jpg
PP0331,331,d22d4ad0-f785-4a90-9063-a5ddd6743310.jpg
PP0332,332,5558eeb1-dc86-454f-b26a-43f9518e945a.jpg
PP0333,333,f9586a3c-73bc-4cf5-9ac5-899f0e139c8b.jpg
PP0334,334,2d3b8fdc-cc90-4f94-a523-ec0cda4606d9.jpg
PP0335,335,4b995703-ecf4-4f8f-a962-7e9869f39206.jpg
PP0336,336,04d546b8-5300-486c-b7c3-1ee8f854d265.jpg
PP0337,337,aa4ccc4a-b9db-41e0-ac1e-6f8d9b8ab7ad.jpg
PP0338,338,45eb1de5-300e-4cdd-9289-02b03c92daae.jpg
PP0339,339,e9e7d5fb-f4fc-47e0-ba18-57eaf70b02fa.jpg
PP0340,340,1a139009-e7e5-47f1-a005-a4ff21668791.jpg
PP0341,341,b7400a73-bb40-4a8e-86ae-e0746b1a5e46.jpg
PP0342,342,0960b616-71e2-46c2-bb9c-ee1a4a53a89f.jpg
PP0343,343,cc88d1db-90e1-49f8-87b1-f3ec149738f6.jpg
PP0344,344,13f2a17c-cd85-4115-a26b-af0fb0004687.jpg
PP0345,345,0b4bccbc-cffd-41a7-8d9a-67be6b7dbcb5.jpg
PP0346,346,d81df449-b4d6-4b9e-831b-4ab1bda41aea.jpg
PP0347,347,402d2ec8-9532-4dfc-b270-45df6fa006f1.jpg
PP0348,348,20fa914b-a3ca-4055-8c82-d4fa883226d8.jpg
PP0349,349,21ea476f-b66f-4641-aec0-dbbb77c51f14.jpg
PP0350,350,47acfc15-59e0-4dad-81bb-54677e3dd14b.jpg
PP0351,351,4dcce23d-4b99-4794-ba7b-8c467fb2ab6b.jpg
PP0352,352,ff922f6d-b3bf-4822-b5de-db6a837d237f.jpg
PP0353,353,35568179-a444-43b2-a99d-497aca1c10b9.jpg
PP0354,354,54cdf446-00a0-42ba-9576-0e7c626a87ee.jpg
PP0355,355,78257b34-cc54-4279-93a6-d44d27b45dd6.jpg
PP0356,356,afabd05e-abd8-4c6d-90cd-88884f929960.jpg
PP0357,357,d0945f4d-1193-4133-86d3-1ad2efd4e6e0.jpg
PP0358,358,7939932d-1323-4d09-b00e-82b362accb7a.jpg
PP0359,359,c434a82f-1af0-42ad-9365-4929dfce7db7.jpg
PP0360,360,702ebe7f-787d-4dbe-817a-5f733111fbfe.jpg
PP0361,361,2ad8110c-f1ca-45d6-8b9a-3b819bb83a8e.jpg
PP0362,362,2bd5cd29-365d-4247-91e7-e228b764f1ba.jpg
PP0363,363,326b689a-3181-4efb-b26d-60aa01ed0597.jpg
PP0364,364,d6d94395-d79a-4cf8-ba39-7a7f382387b9.jpg
PP0365,365,5a32a25c-1da2-468f-9d16-51989f34c2d5.jpg
PP0366,366,662d7409-ce93-4043-b036-ec43d20923c1.jpg
PP0367,367,6319c3ac-1013-4034-994f-cbbf36a5b51e.jpg
PP0368,368,1bfef7e3-ba35-4526-84e6-8aee65ca2dd3.jpg
PP0369,369,f9834df1-8858-44f5-a600-73f15e74390b.jpg
PP0370,370,b922b9d8-db5d-48a2-842d-4fc99c8383aa.jpg
PP0371,371,ffc3aaab-a944-4f6b-a268-e0e658ff96c8.jpg
PP0372,372,f75849de-fdb2-426c-ba83-51115fbf7f2b.jpg
PP0373,373,417f086c-eb0a-401a-b1ed-b716146e7c00.jpg
PP0374,374,f48da948-265c-4597-8a8e-200a8df49701.jpg
PP0375,375,656b0149-cea0-4ed9-813c-0e3551e68ddf.jpg
PP0376,376,31901fca-79c1-4fa9-bb3c-0060a04d9d12.jpg
PP0377,377,be4c64bb-cf7f-4720-ab99-3344b7272266.jpg
PP0378,378,b0b94750-7a5a-4d18-b29e-add2b1799714.jpg
PP0379,379,5f6e90c7-69ef-48c1-8436-fd4e4e8953ff.jpg
PP0380,380,2c23e202-fcd1-47a8-87c2-c4524d921d69.jpg
PP0381,381,8a5670e9-c5b8-4bdf-a637-331602d5f575.jpg
PP0382,382,f1dfa056-35de-403f-88e2-c3980d12db2e.jpg
PP0383,383,668253cf-d78a-4489-ad86-91b9a4b60f6e.jpg
PP0384,384,b255c4bf-0198-4db8-9828-b11539845909.jpg
PP0385,385,266d4dc6-c075-4e76-9812-18fa64c8d817.jpg
PP0386,386,4ad8cfa1-3dc5-4723-b35e-ed3519689a2b.jpg
PP0387,387,0423f487-27ee-4f53-b082-5ca8c5984894.jpg
PP0388,388,6bb6dd44-fc5b-4a75-bc86-7e84192d4307.jpg
PP0389,389,89e665e3-f6f5-4825-b2a8-308d74a0697b.jpg
PP0390,390,00417c7e-1707-4773-b1e4-84ae57c81fa6.jpg
PP0391,391,08ce0480-dbc1-4ee2-8a73-6a7b762a2505.jpg
PP0392,392,1460dc24-c0e0-4dc2-afe1-43ef39a660c1.jpg
PP0393,393,12ca1184-a803-4015-aa86-ae23a8461989.jpg
PP0394,394,c2bc7ffc-bdac-4184-b542-80441147580f.jpg
PP0395,395,8d22578b-ff52-4030-bada-04368025f530.jpg
PP0396,396,b1bb25a2-335f-432e-9398-92ad9d906b46.jpg
PP0397,397,5a3b74cd-8d6b-42ed-8dc0-91ba3217d24f.jpg
PP0398,398,379f00dd-a3be-41d9-8719-c0db16f727f3.jpg
PP0399,399,55ac56e3-f7b8-4b94-8127-6ba4184b66d8.jpg
PP0400,400,a6c92694-ce68-4a37-89f5-bf02787f3c5a.jpg
PP0401,401,ab62395c-407b-4d06-abe2-047cc1a311fd.jpg
PP0402,402,021110bb-291a-4e42-a286-0278f644ae87.jpg
PP0403,403,bd1c938a-89c2-4876-9c3e-76fa1c5ad23d.jpg
PP0404,404,4aca4260-5bc1-446c-ac74-4981e380e817.jpg
PP0405,405,f5600204-3268-425a-aebe-75b6739edfcf.jpg
PP0406,406,981192f2-fcd7-4512-b2f8-3a34f660f7e9.jpg
PP0407,407,81a970e8-2f89-42fc-b5d0-8040fcef3395.jpg
PP0408,408,6bca2857-131d-4ed3-9469-61d018a7f7eb.jpg
PP0409,409,265f3f55-6023-46b6-89cb-338ac0722dc2.jpg
PP0410,410,0d2cec68-36f2-4b94-8d61-0caf00bb7df7.jpg
PP0411,411,c54c0ad9-639c-470a-83ad-0ecff974833e.jpg
PP0412,412,dcf39961-b62d-42bf-b62e-34c721afdce6.jpg
PP0413,413,bfc7601d-6b67-471e-aca8-3ec7fbba45f8.jpg
PP0414,414,7b708525-d757-4d12-b0c9-537eb974245e.jpg
PP0415,415,859cbc98-c2df-4549-8e67-234c0035f141.jpg
PP0416,416,9318ed2d-872f-45de-8127-58808442ccca.jpg
PP0417,417,fb6684a9-ea1b-4e14-9230-c571440435f1.jpg
PP0418,418,e6cc611c-8538-4bc7-b84b-a66cf2d34dfb.jpg
PP0419,419,cc15b071-b00b-4115-9c8e-9262c58f2307.jpg
PP0420,420,b0fe58ad-d2fe-4acc-8fd4-f2938f03d792.jpg
PP0421,421,89a128e5-0d60-4c6f-a5f8-a5c95799a98f.jpg
PP0422,422,9b245f27-f042-4fa6-94e1-1104fbbe8756.jpg
PP0423,423,0e0d4324-ecfa-4c7e-b8af-ac6565309189.jpg
PP0424,424,900a6407-60dd-4f1f-97b2-cbbdbd9d2b0d.jpg
PP0425,425,ff2058b2-0936-417d-b53c-9dadbbfca4c7.jpg
PP0426,426,42bcd573-d3b5-4099-bfbb-e1bcae3b57dd.jpg
PP0427,427,fc04d6c7-1c22-427e-ada7-dd7e623d3612.jpg
PP0428,428,489fc473-e1ef-4619-914c-af36c04e62e4.jpg
PP0429,429,9678bd2d-217b-4cea-8aba-1b75af855ed0.jpg
PP0430,430,9ad83444-23ae-476a-b68a-d5a0787cf830.jpg
PP0431,431,70175941-7c52-4f30-839c-7de454d50c3f.jpg
PP0432,432,48d5b58d-a90f-42b5-99cc-db6b78416d0b.jpg
PP0433,433,7d1ff353-2a6f-4ee3-80b3-41cb718e754a.jpg
PP0434,434,64dff30c-690d-4a04-8649-9995c4c4e1e9.jpg
PP0435,435,18d9eca9-1f0f-4e85-977e-558332c63279.jpg
PP0436,436,2a4d6ee7-5853-427b-9e5f-95e5da9c598b.jpg
PP0437,437,6933ec93-bd5a-4631-8600-d6c5e41e2a3c.jpg
PP0438,438,18bbd2fc-1c1a-4af5-8249-261a2fbdd33c.jpg
PP0439,439,4a220127-8b3e-48be-baad-33f2f7e2600d.jpg
PP0440,440,1be229ba-d57b-4d60-a52b-76b29172d753.jpg
PP0441,441,8b396869-ce6e-4450-a5c9-b7fc40c74cab.jpg
PP0442,442,a6a1de87-6fa9-41be-a3e8-331faec0ffd0.jpg
PP0443,443,ef122aa8-f1be-4b05-ad8f-9c263f26d1d4.jpg
PP0444,444,54aa35e8-4db7-4429-b4aa-261879180d0b.jpg
PP0445,445,b1e0d08d-7fa2-4a19-b0ef-36234c4d33f5.jpg
PP0446,446,24b54e1a-0cb8-46ae-ae66-0023b7516ba8.jpg
PP0447,447,281fff14-401e-4961-b955-f0f669f0c5e6.jpg
PP0448,448,fbb604bb-16a9-4f1c-b004-0e6f81ebafac.jpg
PP0449,449,d432878b-2104-46d4-9720-49d7bc8b7da4.jpg
PP0450,450,7014aebc-9e65-4ee5-aa83-23dade45e999.jpg
PP0451,451,39197c5b-a777-4274-8eb9-93cce92fbf33.jpg
PP0452,452,39ce6bd8-2e40-49da-ac70-bff2e5ff48cb.jpg
PP0453,453,79da90ac-89d3-422a-9675-56a142c58809.jpg
PP0454,454,1c787c5a-c7f7-4b2d-84a3-60ccaa1f775f.jpg
PP0455,455,84c3bb41-9974-43b1-89ed-43c326e50538.jpg
PP0456,456,4548ccb9-4d69-4fc4-8bed-ec39a22a8173.jpg
PP0457,457,4542c76e-7a8d-46b4-8a92-15b208235569.jpg
PP0458,458,bf241c97-469b-4d27-b881-0e4c99001c17.jpg
PP0459,459,b7c7e42a-3f15-4fde-bee6-8c24dd283571.jpg
PP0460,460,e0627f42-200d-4b46-a2c5-0a8f3786250d.jpg
PP0461,461,81f84e85-b308-4a1c-b5ed-cf78d187ec45.jpg
PP0462,462,9524de6a-97ae-4d50-b9c1-f087c76bf654.jpg
PP0463,463,6b57d3dc-9446-4c34-b587-5837b6d69a06.jpg
PP0464,464,6eec1d08-f290-4435-8a7c-358b85a1422b.jpg
PP0465,465,38d21226-45be-41b6-9f23-f21c6823418d.jpg
PP0466,466,2fe20323-19fa-470e-9240-341101634bd9.jpg
PP0467,467,91a7fc4b-844d-40d9-9fd1-b1526708131f.jpg
PP0468,468,0540f4ce-ed1b-4234-b342-bc7f4c21f4c2.jpg
PP0469,469,cf8f863c-269a-476a-b569-6bf8da144b72.jpg
PP0470,470,c879655a-f2ca-44ec-911f-c06520f14a22.jpg
PP0471,471,76e3d58a-0ec8-4f51-abe1-26b6333f066b.jpg
PP0472,472,73b6a94a-eb9a-4367-ae4f-72c482eafd10.jpg
PP0473,473,de60ba3a-2fa8-4c1b-ac0e-343218dd608b.jpg
PP0474,474,7e80a846-f407-460a-8b68-513f2dbd330f.jpg
PP0475,475,78e7b68e-2407-46a5-a0a9-69797c437841.jpg
PP0476,476,9a78d21c-d9b0-4722-895b-5e25662a5769.jpg
PP0477,477,6342e912-4bdd-4a93-8ba1-c429b301e98c.jpg
PP0478,478,34347229-6a14-40d6-a4b5-fae34c5311f4.jpg
PP0479,479,13098108-a21d-4736-b00d-8a4b96fb432a.jpg
PP0480,480,bf28de4a-a3c4-4c9d-89d5-979e64d636d6.jpg
PP0481,481,676c6d0a-4a53-428c-9985-1b7d404bb7ef.jpg
PP0482,482,4684b47f-20d1-407c-9cb1-7a5c49daa4e8.jpg
PP0483,483,bf43ff5f-76d8-4d7e-9a32-910fba3efa99.jpg
PP0484,484,2c3daa98-2aad-442b-ba0a-4f952cc55d40.jpg
PP0485,485,76607865-d458-4748-ab04-e347e07deb4e.jpg
PP0486,486,d6b0077b-8eff-4596-a8ae-244d4f97914b.jpg
PP0487,487,f6779dff-5fa1-4372-afb1-59cff307df59.jpg
PP0488,488,07c25069-f9dc-4e00-959d-4df646b9eeba.jpg
PP0489,489,a4fd51bd-9b57-4e7d-beab-027fdb124463.jpg
PP0490,490,0c9364ec-94ea-4371-a9b0-a8c6a0224696.jpg
PP0491,491,e07209c0-37c4-47b0-9126-407d3fb42474.jpg
PP0492,492,306bbc92-9e2d-4652-9ba3-055638360a4a.jpg
PP0493,493,228ee956-1217-45ad-a530-4fcdac726d0a.jpg
PP0494,494,349a314d-8d3e-4b99-bf78-ddb32e16956a.jpg
PP0495,495,e6fa0a23-7d81-4331-932c-d46a8e03e614.jpg
PP0496,496,f29f0039-5407-402d-a0da-5d6bdf331c92.jpg
PP0497,497,3fbd6638-473e-4bd5-a700-876344259b05.jpg
PP0498,498,44d29099-136f-4339-af0c-29b87b8710b1.jpg
PP0499,499,b380cb2b-ed2c-4354-a319-5e6f280b0509.jpg
PP0500,500,25e78d39-bf80-48c0-a7ae-9146456bf9ce.jpg
PP0501,501,002162a1-990d-441d-8320-fc08cdb62ffb.jpg
PP0502,502,11e647f4-780c-4ff8-b294-f42b0dd80850.jpg
PP0503,503,ec57f717-03fd-4efa-8dea-7d313b19d142.jpg
PP0504,504,52843877-6ca9-49e0-8656-a5300f98bd19.jpg
PP0505,505,4f029619-61cc-4d1a-8481-da0892709873.jpg
PP0506,506,d8c1d385-a5e4-49ec-b4e4-302239de7f0c.jpg
PP0507,507,9b7a15ae-3885-4cd9-b9cb-77ba73764fce.jpg
PP0508,508,b9c0cf59-7da0-4fcd-b0fa-0955a37185cf.jpg
PP0509,509,005928af-7a2a-4144-96da-06b010c5afd5.jpg
PP0510,510,228016ab-abc5-4ab8-8edb-7b601bca9aed.jpg
PP0511,511,a892859b-5fec-4f18-ab4a-c861fe3b5696.jpg
PP0512,512,011ca846-17f4-4e7d-87da-84be45b6d5ba.jpg
PP0513,513,98c527fd-7083-4221-8f90-e35d064294dc.jpg
PP0514,514,8805cf0a-a831-4c6e-943b-346ddbd5ca81.jpg
PP0515,515,6a89a004-d9a0-44e7-9fd3-6184e9718d97.jpg
PP0516,516,33f94910-0499-451a-b45b-c767e206caf7.jpg
PP0517,517,c1766782-17ed-4af0-85f5-51a29af44398.jpg
PP0518,518,b9ea6aea-bb64-423b-8cba-9c55bc5ef844.jpg
PP0519,519,feef5ca6-356c-4ba1-ac28-1f1dd96359c9.jpg
PP0520,520,780e4acf-99ed-4576-a05f-c87f3bfea11a.jpg
PP0521,521,b656e12b-54cb-4401-8aa9-22a8a17c3adf.jpg
PP0522,522,a1a874fb-2867-4540-affe-231dbe6a8e66.jpg
PP0523,523,532c3f57-e2ad-41a4-9caa-120354315f9a.jpg
PP0524,524,a7ac7df2-75ad-47f9-ae24-8dd10573295a.jpg
PP0525,525,ce0534d4-5c9f-4023-8b37-2bb6ed11c55e.jpg
PP0526,526,f8cb8a1f-d84b-4211-973a-c65d1b9fbc66.jpg
PP0527,527,23580be6-42f2-42d2-a0c3-3d8471a6bfdd.jpg
PP0528,528,0ab7b871-6d14-437b-b583-bdab7d073421.jpg
PP0529,529,a5a3c633-0224-4ecd-bb7e-bce00dd0808e.jpg
PP0530,530,94b2aa8d-8ce2-46c6-832d-0b1810ef046b.jpg
PP0531,531,54c2c1b8-d504-4ae3-80f8-1fda40b7fb6b.jpg
PP0532,532,1d451eb5-c9af-430c-bea3-98795e16ad69.jpg
PP0533,533,1da80905-5895-4267-9009-4b6bd1998ad2.jpg
PP0534,534,b72550ad-7c4a-4c4e-bd05-0021262aa2e1.jpg
PP0535,535,8b501af5-8990-4880-9e9f-2c77317e88ef.jpg
PP0536,536,d650fb64-287f-45e6-8c8b-d65ef393cce7.jpg
PP0537,537,b0100f7d-f7c3-40a1-9d04-a5d4098c6e90.jpg
PP0538,538,4c1e0423-1e3f-4014-bd12-69bc9ce41253.jpg
PP0539,539,94770a64-c7fe-4dc7-ba6f-8ac4a7e31f67.jpg
PP0540,540,6ab37002-d658-4f17-8d3e-8670b3215cca.jpg
PP0541,541,a67f2db2-8603-4881-8dd8-dec9f08f86fe.jpg
PP0542,542,8c16cfed-2d13-40a8-9fd7-08664aa9ee11.jpg
PP0543,543,ec1ce624-d03a-4de2-8386-431ff5eaa2ae.jpg
PP0544,544,cacabd4b-9809-41a8-9572-d186416e119f.jpg
PP0545,545,6c5a559f-5c84-4732-bfd0-529c9900959c.jpg
PP0546,546,4ff56cc3-6f0d-4dd0-93e9-5c3e18a84ac6.jpg
PP0547,547,b7a1d6dc-75a8-426c-b8ca-4767ecb32150.jpg
PP0548,548,bb0d9841-f87b-4524-93e6-db62bd5dc18f.jpg
PP0549,549,d5b79b42-cd16-465c-b84b-7900b64ec1ea.jpg
PP0550,550,0fb258c4-ad66-4f30-8079-11b0d0008fa0.jpg
PP0551,551,944f50d7-9bcc-4a78-8c23-c90ecb0db90c.jpg
PP0552,552,bd142250-a9bc-4340-a245-98f66d0b5e47.jpg
PP0553,553,848bc25a-cbbb-413d-b509-463af2c841fc.jpg
PP0554,554,f5d8ca76-641b-4150-be48-f1a0658c6de5.jpg
PP0555,555,8e1ca61e-5137-4792-af27-79c27ca70ca4.jpg
PP0556,556,83439672-2974-421b-a0e8-9c683de3aa23.jpg
PP0557,557,6c4d19b4-bb13-4c9f-8313-016c7157c8ff.jpg
PP0558,558,abf8d046-517b-4a54-8b4b-b7782a82a5f7.jpg
PP0559,559,9607697f-5c82-48ff-814e-af0a0c75c119.jpg
PP0560,560,4ccf4f0b-1f10-4bd9-a81b-032edfb6200f.jpg
PP0561,561,cb1e8738-ea7f-439a-8e6e-deabba0fda6d.jpg
PP0562,562,068c38bb-5cb7-4cb6-8d84-5faa6e977078.jpg
PP0563,563,8dd000ef-da28-4ef7-9518-3cd8117a7c8b.jpg
PP0564,564,f5ee050b-3a27-438b-ab98-e9d65576a4f4.jpg
PP0565,565,a23380ec-d51b-4131-853c-7755ab97c83b.jpg
PP0566,566,17bfd294-7587-4b0f-b0a2-a41a5d4a7e75.jpg
PP0567,567,12f07aeb-82f3-4dd8-a188-3a3a7faa17ba.jpg
PP0568,568,a5e7fec0-99e2-4c0b-bd5a-f8f66341313e.jpg
PP0569,569,6f84ffdd-8316-421f-80aa-7f7bbb31b568.jpg
PP0570,570,cbd82c67-3d9d-4146-a87e-25c8cb8c27ec.jpg
PP0571,571,d02968af-2bbf-4dfd-ad52-590e15f34dd3.jpg
PP0572,572,67a05df2-16e3-4d62-aec0-cbd2bf1a0d91.jpg
PP0573,573,874ac8eb-243d-4715-80a6-e08110ad8265.jpg
PP0574,574,179e62ae-1588-4bdf-a871-15ac3567b847.jpg
PP0575,575,5ddf26bb-0c42-4763-9266-a07adf4236b7.jpg
PP0576,576,a6c2aa51-006f-4146-9881-656c01a26ac6.jpg
PP0577,577,3b0af280-b30f-4a83-85e7-e3d2fa57be51.jpg
PP0578,578,142c874d-4af2-4fc2-a6c3-590caf77ba2a.jpg
PP0579,579,1cfa15bd-53fd-44ea-a6a2-9ffaef78d3eb.jpg
PP0580,580,4cce7152-17b4-477e-b726-2499e60b0337.jpg
PP0581,581,01925654-b053-4ccd-9816-c37677c10d99.jpg
PP0582,582,a7b09b02-ca44-4f09-ba58-4922d0f53eac.jpg
PP0583,583,104713ed-e26c-44f4-a412-bed731b95a94.jpg
PP0584,584,f1138ab7-8347-4c3d-a2ae-3779e629527d.jpg
PP0585,585,8e6da23f-c8f6-4955-9b4a-290c74489cf5.jpg
PP0586,586,2e94d435-3097-4098-b9c0-9ae4517116ae.jpg
PP0587,587,949c3f3c-4c4f-4402-9466-22533deb8e03.jpg
PP0588,588,4ee7328f-9a02-46a7-becd-bdac10595850.jpg
PP0589,589,ca7d360e-452f-4411-aa40-66f2cf779c2f.jpg
PP0590,590,e6b9248f-8dda-4ac0-a875-7a36a84b6647.jpg
PP0591,591,e5cdee46-e23c-4888-9857-a3f45d7c0904.jpg
PP0592,592,efafffdf-1791-4783-bbf8-24844a9f82d1.jpg
PP0593,593,aa61dcfc-3f20-4976-b054-21eaaf5cbf11.jpg
PP0594,594,5bf99339-d928-4de5-ac4a-e9d1163d1596.jpg
PP0595,595,424cf2b9-9e6f-4155-9966-acd03c0a3a47.jpg
PP0596,596,de771ef6-a6dd-4dff-90e6-02e3f02fb797.jpg
PP0597,597,5aedc5e3-735d-4edf-a970-0c59830a75e3.jpg
PP0598,598,02b647f1-01bf-4df2-a0b1-128c20bd1949.jpg
PP0599,599,41d56158-7cbb-4eb4-8c80-578b1587f731.jpg
PP0600,600,ac77bd36-35eb-4d24-8460-06ffa1b642da.jpg
PP0601,601,5888a98a-6965-44e5-b710-02e62a4ee03c.jpg
PP0602,602,e96a9829-8ba8-48dd-9219-09dad0f61406.jpg
PP0603,603,a1b8fbbb-7544-499c-a3fd-fc9e3ae034df.jpg
PP0604,604,06477d5c-59ef-4a8c-b009-ca08ce1d390d.jpg
PP0605,605,91b26653-5eaa-4e2a-aba0-2e61bba7b9fe.jpg
PP0606,606,d3666113-7a6f-4c46-b4f5-57fe3a1c779d.jpg
PP0607,607,1345cdd9-7dc0-4a38-8499-921f48763e84.jpg
PP0608,608,4218ca37-8716-4713-9107-8ace90f48ab6.jpg
PP0609,609,2e33bae0-74df-42be-a6a7-47b93c9609dd.jpg
PP0610,610,85cca000-3128-42d2-ad87-54b186c7ca8c.jpg
PP0611,611,9145f9d5-6e6e-4f9e-81f4-ee1a5e58dbb7.jpg
PP0612,612,36c20d72-fb04-4c51-861f-724c298b27b1.jpg
PP0613,613,b0eeeb42-a4db-41e5-9798-8fbb0741e295.jpg
PP0614,614,00ce2358-86cc-4b2d-91e4-5a3802f4bff6.jpg
PP0615,615,7ab7f9b9-4d7f-42a0-981c-ff4cd799ad2a.jpg
PP0616,616,923e79b6-5c13-400e-ae8f-600a3c835e56.jpg
PP0617,617,e2b3688d-a210-464f-bd06-0b6f7185b9f3.jpg
PP0618,618,e1ce3a87-9230-424f-982c-362ca65a39b1.jpg
PP0619,619,5e5e76f4-856f-4220-90f8-5fe35b524641.jpg
PP0620,620,40876924-7336-47e3-a3c6-be8655643baf.jpg
PP0621,621,c9b733e8-f35d-4337-98b6-0135b401f13d.jpg
PP0622,622,f8c74e59-b633-48e4-9fb1-b8ae4e1a8b9a.jpg
PP0623,623,b30f8525-9b33-4c9c-b771-b46d8eec662d.jpg
PP0624,624,d823dbc3-876a-4203-a0f3-ce5f8408c78c.jpg
PP0625,625,bdd8d9fc-114e-428f-89f1-6fb21d18defb.jpg
PP0626,626,d8821b99-4257-4838-9fe0-b07f164575b7.jpg
PP0627,627,34e339a4-e18e-488e-8eae-ab68726b3611.jpg
PP0628,628,24eb3787-967a-4724-9fb3-0257aaa2901e.jpg
PP0629,629,349783d4-5c68-4a95-81ca-d7ddf5ed36f3.jpg
PP0630,630,1bc78f1a-8fc9-4f8e-a64a-7333edf941d4.jpg
PP0631,631,9e206061-fa19-4c38-b79a-daf901835cd5.jpg
PP0632,632,888b9fdd-5291-43f6-b4c2-8ce7b5a6e32f.jpg
PP0633,633,2f9f16fd-b8d6-4c11-8a3d-7981f325faf0.jpg
PP0634,634,a547a1d9-cb12-4aaf-a659-cd45725875b5.jpg
PP0635,635,7b154862-cd33-4af1-b969-fd4eac112eef.jpg
PP0636,636,5a707383-3d11-4326-9289-140ff3c98b18.jpg
PP0637,637,cde4cdad-8fdc-4962-a42a-22c9882eb741.jpg
PP0638,638,7dcb04dc-c1f8-494a-8817-98a20d02c6eb.jpg
PP0639,639,4c2dbb8a-77b4-4bf1-b213-c7d677bdc908.jpg
PP0640,640,77e1c965-b153-4d0f-b270-b4b85dbc2f10.jpg
PP0641,641,1098f181-3e96-4d9a-b1be-809c692b15fa.jpg
PP0642,642,d3f6e425-30ed-44c0-a60f-52890d5962a4.jpg
PP0643,643,3c9a8b6b-dbef-4713-9c57-8f306a6e9655.jpg
PP0644,644,364fc026-04e7-4148-b54c-576a49f17c34.jpg
PP0645,645,1251cd4f-7015-40c9-a924-ec60986400bb.jpg
PP0646,646,51aaa81c-842c-40e9-9190-9273544bb413.jpg
PP0647,647,b8c0ddf6-444f-47cb-bbfd-bb7412e69627.jpg
PP0648,648,d1f574f9-f58f-4b17-b583-934d8385ca3e.jpg
PP0649,649,448d3a07-9c74-4d05-b926-90d97fa79839.jpg
PP0650,650,2954e0db-704f-4b3f-b856-b4951f7c414a.jpg
PP0651,651,a30a6f34-7455-4c43-a059-849cb5637853.jpg
PP0652,652,9e7bc34b-2489-4f0c-aa13-97018d2a07e8.jpg
PP0653,653,adf0ba68-35c8-46a3-aca4-4fd73d94231b.jpg
PP0654,654,bba81f30-b012-44b6-9000-95aadfe994f0.jpg
PP0655,655,315daa77-87ac-4486-811f-e600c3d62ecb.jpg
PP0656,656,b4d202b9-c2d1-404b-a742-51d83c2945cc.jpg
PP0657,657,acc19dae-5a5a-4f43-8877-2ee65523659a.jpg
PP0658,658,15aef30f-51fc-4420-9e99-9c9a2e47d8f7.jpg
PP0659,659,e58773b8-f4a4-4605-85ca-810686b412ec.jpg
PP0660,660,c520826c-7481-4eec-92e9-321363517992.jpg
PP0661,661,95ee7646-c1be-4f10-98c5-ea5e37c3ec12.jpg
PP0662,662,55723c54-32bc-414e-a4fc-8ca9d68b0873.jpg
PP0663,663,7a8ad0d6-a108-45de-af14-26e3f65aba60.jpg
PP0664,664,179b360f-1c40-49c6-a163-319aaebc9efb.jpg
PP0665,665,d30c5005-476a-4f9f-8aaa-f455bfdf304e.jpg
PP0666,666,16037e84-3b12-484e-8646-b814384777ef.jpg
PP0667,667,2cf0a300-1b33-483e-9798-37ab3b13d80e.jpg
PP0668,668,b50b2ff5-31b1-4c00-aae8-9d438276bdb3.jpg
PP0669,669,6b991252-911e-4556-9d31-2aca113cfd4e.jpg
PP0670,670,7acf1650-5614-4885-8c77-f937cf0d41ec.jpg
PP0671,671,49303ac7-b064-49c7-aacb-d3a40f4e7624.jpg
PP0672,672,b3becf6b-d412-4ed1-bc90-9023d0a84410.jpg
PP0673,673,d8169d54-0c97-4bd7-969c-b616e49a29f5.jpg
PP0674,674,63216821-2515-4ff1-ad7f-32f08924adb9.jpg
PP0675,675,6cf8bfae-52ef-4633-9879-c5ad4044e669.jpg
PP0676,676,207d53ce-3727-4143-9b35-7ca7b8592f6f.jpg
PP0677,677,4ddfcd34-7735-4c37-98b2-e67034cd3154.jpg
PP0678,678,7ce301c6-1aac-4c71-baf2-5f08784d76e7.jpg
PP0679,679,06df91dd-70d4-4f82-8f5c-04eead730eeb.jpg
PP0680,680,ab2ddabd-8abf-4ff3-854a-93edf8d3093b.jpg
PP0681,681,12481ae0-a31b-4aad-acc2-dd8de3533f88.jpg
PP0682,682,93a0782c-cf63-4834-abec-d05ea52d25b3.jpg
PP0683,683,33ed1dd8-4494-4e54-b816-34ecfe519b64.jpg
PP0684,684,12610f03-2971-4342-b081-f22045db389d.jpg
PP0685,685,77984bff-212e-4500-b805-f7f4c1a192b8.jpg
PP0686,686,83d97259-3952-431c-80c1-889340fcfcf0.jpg
PP0687,687,2431f0a7-a012-4482-aeda-2764805e8a3f.jpg
PP0688,688,47c5060d-4f1f-4866-9ca8-8c953da177db.jpg
PP0689,689,138db7e9-b433-42df-841a-4e9cc84695db.jpg
PP0690,690,eabc819a-9a71-497d-a8b1-d221e5102a7c.jpg
PP0691,691,7d8a913d-91db-47db-b7a8-0c32f99addaa.jpg
PP0692,692,daca2805-e6f6-4d42-aa1c-c04e6130b1a1.jpg
PP0693,693,5662fbd4-ab15-4985-9b86-20639df06a6c.jpg
PP0694,694,d972c7c8-a4b0-4468-8f6c-8b4bd2b044e6.jpg
PP0695,695,672df1fb-3bed-4b0e-8587-1f5e8567586c.jpg
PP0696,696,62f567e7-035f-453e-91b5-6603bd1c2279.jpg
PP0697,697,01e29532-1088-4209-9c30-e27488b53888.jpg
PP0698,698,8896419e-ffc2-4601-b9c0-1270b4152ba5.jpg
PP0699,699,974c4a78-ed8a-4c7f-a659-1add2e862f63.jpg
PP0700,700,1b5a4dee-a2b3-4079-994c-610051f35663.jpg
PP0701,701,e5345132-9fed-4a0d-b080-a0de85041edf.jpg
PP0702,702,568596f1-25f4-47e1-a65a-f1b7162fd8ff.jpg
PP0703,703,b0a34482-e66c-4842-9b08-a7ed686a434b.jpg
PP0704,704,1842fe39-35ec-4b07-8f4a-9e98ac09f6de.jpg
PP0705,705,8c07ef16-3b20-4a71-8b93-f2936982505b.jpg
PP0706,706,d2dcb9e9-2bc9-4fbf-8927-fb2f188ade1d.jpg
PP0707,707,3f116bab-5a06-4685-8715-f9a7206306d9.jpg
PP0708,708,394699dd-644a-42a3-b30a-6dd430cecc54.jpg
PP0709,709,4649333e-0cab-4fc3-a541-e13bfc0e185c.jpg
PP0710,710,0fa79ad2-d349-49af-8618-fd7eb761d803.jpg
PP0711,711,b2b3ffa6-74fc-4788-b99f-361107e8d557.jpg
PP0712,712,96bb2451-4d5f-45e3-b06a-e3ead43e1baf.jpg
PP0713,713,60869bda-7fae-49b1-a7b1-82b030cbba74.jpg
PP0714,714,a251de7e-9af4-4785-8ac2-eb5499dc18f5.jpg
PP0715,715,7caad6d6-c4ec-433e-bea6-2166338af68c.jpg
PP0716,716,18ddc0e2-aab2-4b10-a02e-62e5fc5ac14d.jpg
PP0717,717,fb351a5e-7977-42f7-bcdc-2faf526336f4.jpg
PP0718,718,a52af5d6-54a8-432d-b70d-9ce042355c59.jpg
PP0719,719,2f5510f3-8529-4d40-bdec-ca6e80ea713c.jpg
PP0720,720,75025920-e145-478e-a57a-77361f6c2e3c.jpg
PP0721,721,e4072605-2285-4af5-91d6-169d379d4103.jpg
PP0722,722,295f5e9f-a9f5-47f5-aded-d706d2f8efed.jpg
PP0723,723,657ee105-ef5a-4164-8e82-d9b9e9020ffd.jpg
PP0724,724,0787d98e-c45d-418d-88ae-7264d6347c55.jpg
PP0725,725,7e9f819c-f5b2-4694-b2dd-a07ac74f4379.jpg
PP0726,726,d305a987-e3c7-4a34-8a82-654e3bf6f325.jpg
PP0727,727,36c696e9-8a22-4a1b-9344-d77395015947.jpg
PP0728,728,a40e640d-2419-4510-a8f6-535988214caf.jpg
PP0729,729,487f099a-5eb6-4ed0-a43b-6860cae14e14.jpg
PP0730,730,483f860a-9991-4cbe-a152-d4fd4a9fcbd6.jpg
PP0731,731,f7f5f36e-a849-4eaa-9470-0c0cf4276e7b.jpg
PP0732,732,50f699ef-8d47-4a98-b495-dcdfdae29435.jpg
PP0733,733,816b1347-2612-4a04-9c1a-8fafb96cb306.jpg
PP0734,734,bbb75970-e6fb-415a-8c71-364440e4a4af.jpg
PP0735,735,c8592c8e-5636-4068-a5e7-48d3d4647907.jpg
PP0736,736,6b55fc4c-3e36-4d17-b4d0-979c3cead6af.jpg
PP0737,737,da1ebbb9-4709-4e75-a01b-b1ba3c8e4392.jpg
PP0738,738,aa3a5ea8-6494-454c-9006-8633283b9f78.jpg
PP0739,739,a876ee59-3021-4b3c-a7c0-95edeba9cd73.jpg
PP0740,740,877fbc14-5165-4936-9864-af50adfd0c69.jpg
PP0741,741,d78cadc9-0c60-4f9c-9add-bce88101940a.jpg
PP0742,742,e6b2a68e-0dc6-4638-87a8-32e40303c2c3.jpg
PP0743,743,fe3868db-d452-4ef0-a849-42a8f8d06a07.jpg
PP0744,744,9a862d5f-a7f6-482c-9cd0-dfe138962a77.jpg
PP0745,745,9811d2e4-cd10-40d2-a1dd-65441958f765.jpg
PP0746,746,451cce30-e602-4c5c-a9e1-f50a28e7b4b7.jpg
PP0747,747,49437b3b-da80-401b-b332-f18d258bf4bc.jpg
PP0748,748,d1b3267e-5038-4a2c-aa7e-eb86074a9aab.jpg
PP0749,749,36a37678-04e5-4979-8e55-543207aeb65e.jpg
PP0750,750,a48b1280-183d-486c-b6b2-7253df2d22c1.jpg
PP0751,751,37987aad-167e-47ac-9be5-91b9483ce60f.jpg
PP0752,752,7228848f-9e0f-4f41-825f-17925e4fb7f0.jpg
PP0753,753,21768da0-e335-4d43-8098-1db91834855e.jpg
PP0754,754,2db428ba-39f5-49aa-b02f-741b32f4f9b0.jpg
PP0755,755,3daf8c58-263f-4fb9-9f02-aacf7eaaae01.jpg
PP0756,756,96f7725a-b963-49c0-b153-85a239dd6cec.jpg
PP0757,757,d79c39cf-8bd7-495f-a522-5a882c08a46e.jpg
PP0758,758,d762e8d8-78b3-4e6a-9982-f5adfba52b90.jpg
PP0759,759,0e728f11-323b-45a5-a199-72b9f3e8c020.jpg
PP0760,760,dd73f3fb-5652-4799-99c9-486263bc4888.jpg
PP0761,761,720cf1d0-52f6-4f05-9396-26c387cb595f.jpg
PP0762,762,e6d1cfa9-a03c-4d65-8c54-c52191826c94.jpg
PP0763,763,9b1a1e5d-bc6e-44f7-86b4-a289172755df.jpg
PP0764,764,fa385bb1-1690-4cfb-a147-4f999a9488cc.jpg
PP0765,765,f1224721-6bf4-4a69-b6b8-cb5d415e1ca5.jpg
PP0766,766,7fa387a3-c547-421c-812a-7baa954c68ef.jpg
PP0767,767,8cd62ebc-d26d-4a06-9872-fbab187707be.jpg
PP0768,768,82862469-7639-45b3-89e7-7c84856ee3be.jpg
PP0769,769,3df755e5-9e04-4415-885a-033a6cfad1a6.jpg
PP0770,770,e430d6a9-d717-4894-bb3b-6d828b49635a.jpg
PP0771,771,29fd0923-585e-48e7-b2e5-f6ea4bb7f802.jpg
PP0772,772,1844abf9-06e3-4450-8cdc-c3e835cf1fae.jpg
PP0773,773,4951e9b0-4b5b-4736-a1d6-c587274d58c1.jpg
PP0774,774,217b455d-0193-4b87-a192-5517b3beb5f7.jpg
PP0775,775,94eff2b6-289b-4550-8f99-cef33c9ccdf3.jpg
PP0776,776,edf1c7d1-6e72-4c93-aab9-c0546fea815f.jpg
PP0777,777,82463aac-c24e-4a2b-8f24-0ebd7ed2821c.jpg
PP0778,778,b09aebfe-3e8f-4038-b992-2af1cb162bfc.jpg
PP0779,779,9e673b0b-f0a4-479a-a192-3a94d1ffe958.jpg
PP0780,780,8c826414-82f7-48a2-885c-a3165e8e525e.jpg
PP0781,781,709705cd-9e60-43bc-9110-895309734197.jpg
PP0782,782,a9974c40-3ead-4a6c-91d9-2d01bde84a62.jpg
PP0783,783,8813d424-bd20-46d4-a0c7-799be71c6da4.jpg
PP0784,784,d1259b0e-44b6-448e-ad5a-2a8f4285e589.jpg
PP0785,785,617b2730-144f-4d67-8921-ec4dd6d78aff.jpg
PP0786,786,925d9111-366b-42bf-a25c-853342075bd3.jpg
PP0787,787,3db4852b-b7bf-4399-b675-d98747311b2d.jpg
PP0788,788,d9e8a2c3-74bf-4bd2-9808-a453c5981b3b.jpg
PP0789,789,15b11a60-fb1b-48c2-8742-56c2f36219b3.jpg
PP0790,790,51e73cc1-9356-491e-ae72-7a397e5e1c78.jpg
PP0791,791,c5ed6c19-5e64-4591-93b9-d82a479c64a8.jpg
PP0792,792,adb73894-6479-4506-9104-e3091d45b4d7.jpg
PP0793,793,84039d74-c5f6-4e8c-ab94-80e2658203a1.jpg
PP0794,794,d19dc54e-14f3-49b9-971b-51d95e1c0dd0.jpg
PP0795,795,7b081358-20c7-4a0a-958f-90e4b3465b11.jpg
PP0796,796,9eb95f3d-eaa1-4918-ac16-9accef17a5e7.jpg
PP0797,797,13b0c2df-f5ca-4aa3-b3f0-0eeeba776bd1.jpg
PP0798,798,268b2fa3-53f9-4e17-b63a-c971bd06c18c.jpg
PP0799,799,ee66a5f6-da52-4448-b77c-5be7763ae160.jpg
PP0800,800,dd3e9b5a-f3b8-43e6-b911-5c9e97435b81.jpg
PP0801,801,3e0b75d9-c301-4066-ba34-8192733ee2e6.jpg
PP0802,802,274a42e5-b462-432d-a122-fa3fc0b16820.jpg
PP0803,803,7f123398-cb6e-436b-8db0-a7a30f204668.jpg
PP0804,804,9a6977ae-da6c-4f4b-9626-a605a817e5ee.jpg
PP0805,805,12e0a629-f266-428a-be1b-e613a1b045ac.jpg
PP0806,806,4b186e75-ba23-4075-bc76-b83585a1a5be.jpg
PP0807,807,1c19d1dc-564c-4cbe-a4ad-16efd34201a8.jpg
PP0808,808,81845d9c-2682-43ee-8abb-c737f39f6cb5.jpg
PP0809,809,b7b9a1eb-cf28-43d0-a6cb-fb41f6681b43.jpg
PP0810,810,6f25c58f-e5ef-4d4d-a9b9-3e86dc39edf2.jpg
PP0811,811,6c489d76-daad-4300-bb21-202917e5060e.jpg
PP0812,812,f5dc3796-7218-42ca-970c-8e4fc9f2fe88.jpg
PP0813,813,f3661922-cbf0-4a13-a56d-f0640538a323.jpg
PP0814,814,a45b7e16-7b99-429e-8a3d-34d5759be861.jpg
PP0815,815,128c7dc1-4dd9-424c-b28f-92c2215d36d7.jpg
PP0816,816,d57ae6b5-2918-4a07-a9cd-25d730a9598e.jpg
PP0817,817,495e050d-fd6d-4678-85c9-0a161c1e88c1.jpg
PP0818,818,00725459-f659-42a4-9a01-df4e89b44f26.jpg
PP0819,819,00f6c23a-184b-46a1-a657-4eafb0560b62.jpg
PP0820,820,7393c94a-c023-4610-9ad3-54b221947f3d.jpg
PP0821,821,0646f5e2-a138-4c2b-a9b7-b6ff21bad7c2.jpg
PP0822,822,54fc9392-3820-4602-bea6-973741211cad.jpg
PP0823,823,c084fd7a-9862-4137-9e33-cc11b87ac6ee.jpg
PP0824,824,a75f714c-bca2-4271-a390-b12a7f0aef53.jpg
PP0825,825,2a2b1557-91ab-4705-b7ef-404c2ea574b4.jpg
PP0826,826,73319d10-cef5-4d53-9d53-b9edb277a457.jpg
PP0827,827,7d82ee76-64f5-4c86-9108-bb5555c99061.jpg
PP0828,828,c2bbf1d3-a510-4eb9-91f7-7064c4134a1e.jpg
PP0829,829,a1758674-1cf5-41bd-9ed2-86a47224022d.jpg
PP0830,830,ef449807-0a35-4021-9f7c-6e62b804f6c5.jpg
PP0831,831,1912fdff-1724-4ba2-8c5b-70476b09b361.jpg
PP0832,832,c1195275-c370-4d80-beb8-1d85b6b9687f.jpg
PP0833,833,177625a4-8683-466a-bc53-c358c929de01.jpg
PP0834,834,3f0d93a0-cee8-43d2-930c-0ffc19e6cd9a.jpg
PP0835,835,e14b3d13-6cb6-49b7-9ddf-f826f39e8358.jpg
PP0836,836,c62e5b1d-009d-46c1-897e-d63e54ca7783.jpg
PP0837,837,e4a677cc-f4ba-4557-9f1b-6ce9443217dc.jpg
PP0838,838,51b9e262-d756-4255-bd28-1807635d4bd2.jpg
PP0839,839,bf8b2cc1-08bf-460f-8d02-4b57f0795cd2.jpg
PP0840,840,be29eeb2-ed20-4002-b149-d9a3bbe8b243.jpg
PP0841,841,720f10bf-78af-42c7-8a41-f729c576c2dd.jpg
PP0842,842,3701c637-1b82-4c14-a2ec-474067e996bb.jpg
PP0843,843,564c0a64-80a9-451a-870b-3f3e87cc7f91.jpg
PP0844,844,6dfe0821-4f74-4691-9f72-1f52301a7275.jpg
PP0845,845,25600e6b-f528-4ed2-beb7-5b7af0b30f97.jpg
PP0846,846,309e44a4-f0a6-40a5-98c7-0ce8ca57b495.jpg
PP0847,847,702bb223-9805-4e9c-905b-abec890a440a.jpg
PP0848,848,74310f5c-c4d7-4121-a3f1-225e55f18c0a.jpg
PP0849,849,9e12f033-02a1-43db-b286-7f161cb38b73.jpg
PP0850,850,b9ceefd5-ebb6-480b-8b77-2ef7c8cb9cfc.jpg
PP0851,851,0188f118-3859-41da-8d6e-cc438818e610.jpg
PP0852,852,e1a4f4a0-5e1f-4649-aec5-628b57606e88.jpg
PP0853,853,f3f460f8-7771-4b18-a69f-6c33a5e6dbbb.jpg
PP0854,854,b46e4cee-b96f-4bd1-ae74-a31136f280e9.jpg
PP0855,855,d151471e-7b5f-43c6-b2ff-39b6942befb1.jpg
PP0856,856,71181698-92bf-4a36-ab83-eb7777399057.jpg
PP0857,857,36944d8e-3112-4dc0-93e9-a6292d55cd63.jpg
PP0858,858,bc689596-9e9e-42b5-b97a-fe1da4d88c66.jpg
PP0859,859,80cc78b2-bd97-4a55-afcc-e04c1600d52b.jpg
PP0860,860,4dc48514-6d81-4462-b66d-1445e008c0d6.jpg
PP0861,861,bb9e5173-baa5-4dd0-9152-0b80bc991cc5.jpg
PP0862,862,7be8ab1b-6e57-4b3b-b5e5-84e73afb541e.jpg
PP0863,863,4ebc3fcb-4da9-4f59-baa5-ba7c02bfb94f.jpg
PP0864,864,101474e3-b705-48d1-8e06-5c474058358c.jpg
PP0865,865,8e7440a4-c147-4686-86cf-dc89935382fb.jpg
PP0866,866,7c12e434-641d-4f05-9530-13f6714414b1.jpg
PP0867,867,891ad7a3-252d-4e7a-951b-13b93c23cc69.jpg
PP0868,868,9728f3b1-4ca7-47a6-b668-94c8c8a60ba8.jpg
PP0869,869,7debc843-a071-46fe-9b5b-759e17fe5f02.jpg
PP0870,870,2729d69e-20bb-497b-85a9-c68d4e7509b4.jpg
PP0871,871,11d5cc11-a23d-442a-bb52-9b9d53271e4b.jpg
PP0872,872,dd4205d6-dbe5-4bfc-9804-32d2e7f5604e.jpg
PP0873,873,39c9c8ba-a574-4834-b8af-3178af6af76e.jpg
PP0874,874,024d9c04-9f69-4fd1-9578-d47d59e7ad3d.jpg
PP0875,875,4649b0be-b2e3-40cb-a7bc-3902189b11bc.jpg
PP0876,876,c1c68aa0-e39d-48dd-9299-6e20b3147931.jpg
PP0877,877,2bd51a35-1b0a-409e-87c0-4bb30b6311fb.jpg
PP0878,878,e3dbcdf3-a4a7-4b4f-96f0-40cec1e1fac8.jpg
PP0879,879,451cc6dc-5fee-4393-8162-dde9386e298c.jpg
PP0880,880,8052d40d-3e6c-4170-bd9a-9dd046621150.jpg
PP0881,881,4ff4e7c0-8f8c-4701-86c5-c5ec8dc76f4c.jpg
PP0882,882,fcba9526-302f-40ab-ba48-08ab4117d646.jpg
PP0883,883,4044f0d0-b455-40f2-8d1e-480c4fba143b.jpg
PP0884,884,5e9f7e98-7c3b-4a9a-ade8-a84d1450be34.jpg
PP0885,885,cd76b402-ff0d-41c7-9ddc-98e1e1d52e4b.jpg
PP0886,886,80d5f01a-4cbb-4244-b9aa-c7e7a298233b.jpg
PP0887,887,f5cedcd3-2c0d-449a-b24c-1bb8be504ee3.jpg
PP0888,888,72fdad56-9aaf-4de6-b962-ece3a07fa9ee.jpg
PP0889,889,ea869f93-f1fc-4229-89b5-b910551464d4.jpg
PP0890,890,94d3494a-0548-46dc-9823-9b7070392ab9.jpg
PP0891,891,9106ad25-86be-44b3-8f53-e7273183fd71.jpg
PP0892,892,75ce551e-38be-4c16-b0eb-11690a2a796c.jpg
PP0893,893,ac66680f-040a-4765-a683-074adc58323c.jpg
PP0894,894,3d6815dc-480f-48be-84ee-5d14b56ec027.jpg
PP0895,895,c68ed27d-1b8b-4df6-b6a9-380087e8d1d8.jpg
PP0896,896,84e9e954-51ac-4586-b7d6-5d8fa76b9662.jpg
PP0897,897,cbfc089e-f9c9-420f-9bc1-1c23c8a1281a.jpg
PP0898,898,03a83fd3-efdd-4795-b60b-ef2371c3724d.jpg
PP0899,899,bdd38549-f95e-49e5-a0a5-22525b7a9456.jpg
PP0900,900,1b44b773-dbaf-4cdd-82b3-22eaf57052b0.jpg
PP0901,901,b178a06b-0d20-47f6-af54-6abc664b6f2d.jpg
PP0902,902,67df92a1-e6ba-4d9e-afd8-af1d0c1d97b8.jpg
PP0903,903,920fe4e7-ab13-4d46-95e9-276ba50034d3.jpg
PP0904,904,48c87a46-d9aa-433f-9fc3-f8ccbd12165c.jpg
PP0905,905,902546aa-6742-41db-9b8b-5345bfbb6d0d.jpg
PP0906,906,56e8ef80-24b5-4309-a241-a54e5636ddd3.jpg
PP0907,907,cc0d57ac-9423-4217-9c24-dbcd2e3ba7fa.jpg
PP0908,908,b0e7bb5c-55b7-47ac-bf14-c63ac145b14d.jpg
PP0909,909,ea3933cd-821e-4964-904d-fc162fe3635b.jpg
PP0910,910,ba838b2a-97b3-4e9b-a2a1-d30deb678bc0.jpg
PP0911,911,cc380a8b-05d3-44dd-a504-2172f51b9b1a.jpg
PP0912,912,d6e4f48a-4679-48b2-9473-c90536205b89.jpg
PP0913,913,3b9f9410-3500-4134-aaf0-7bbd8ca983f6.jpg
PP0914,914,8606879f-b92c-4a55-927b-935ca3d5433f.jpg
PP0915,915,144d0310-aa8b-4314-83e2-6530c657325d.jpg
PP0916,916,866ada72-07f8-452e-932c-35b79d0c95d2.jpg
PP0917,917,dff39b86-bbd9-4640-b063-d61490ad4d3b.jpg
PP0918,918,efd7de08-c2e4-44a1-a80a-a6dea7ff8fc1.jpg
PP0919,919,ffae16d8-0907-4df2-9bf2-c6e3911c2473.jpg
PP0920,920,0edf2e8f-1544-49c5-bf90-31f19abd34ba.jpg
PP0921,921,bef5a817-4553-41b6-99bc-c3f763206418.jpg
PP0922,922,8ab9418c-d80f-4bda-be19-f987b026397e.jpg
PP0923,923,73727ec9-6eda-4223-a11f-bc8234d0fb2c.jpg
PP0924,924,34d786b5-fa21-4610-aaee-33d79e3081c7.jpg
PP0925,925,5e4167e9-4879-4288-ae58-d899eebef800.jpg
PP0926,926,fab1055f-30f3-4d73-a95f-7b1e5aac525e.jpg
PP0927,927,452d8b28-898c-4db0-8644-b7571aeb0194.jpg
PP0928,928,a45e0a10-8d1e-4d4b-ac99-67ad2719a01e.jpg
PP0929,929,386ae3c9-3597-4a01-940e-3ed60491e961.jpg
PP0930,930,5ee001f8-2557-432b-9548-a77fddef4bf9.jpg
PP0931,931,50d0c434-51fd-4f9d-83f6-bfc35c3fd8d8.jpg
PP0932,932,6f82e5d7-1f44-4964-b16a-0d4e0356b57e.jpg
PP0933,933,108262c7-be78-47fb-88f4-d1c1ba579d8f.jpg
PP0934,934,d66557c6-6e3a-4cc9-919b-fb55f852b3b3.jpg
PP0935,935,133a8a9d-0b9e-4f94-9c1b-67c6cb298752.jpg
PP0936,936,37602608-6596-4f2a-b388-2c18b1092611.jpg
PP0937,937,d50c61a9-8721-41c2-826d-0b3edbdf0d79.jpg
PP0938,938,13b4ec48-7889-49d9-941f-394c85de7369.jpg
PP0939,939,3421f0b8-3fe4-4c6d-b944-9a676e8871c8.jpg
PP0940,940,99961ad4-2576-4132-b0e6-20fdd3065079.jpg
PP0941,941,0d94f3a3-0d21-4839-b9ab-f10921142de9.jpg
PP0942,942,a10c4ed7-68ac-47f5-9ee9-db3a95183d6e.jpg
PP0943,943,8986714c-ea71-43e8-a8e8-f8124605d701.jpg
PP0944,944,d4f68da5-c76f-4d29-8e2e-f3c207d81406.jpg
PP0945,945,a5c949c7-efca-4d04-93b0-fd31ba297338.jpg
PP0946,946,4503d2ce-72cb-4327-8607-81537ebad79d.jpg
PP0947,947,23bf05e8-8878-43ec-9f24-5c1535cae5bd.jpg
PP0948,948,8c5c8779-2a27-4396-89d4-15098a72b5b5.jpg
PP0949,949,27513673-f544-476f-904b-cc48696bd476.jpg
PP0950,950,7e371262-3175-4d28-a85a-aff04fceaaa9.jpg
PP0951,951,020966eb-4093-4f7f-ae40-334d90ad28a3.jpg
PP0952,952,6660826c-1ddb-4e95-a425-935000ca709f.jpg
PP0953,953,450c0096-78d1-45b8-b84e-4746cdb8a446.jpg
PP0954,954,554b50ae-754f-4cb9-8c4e-bbdc63c696a1.jpg
PP0955,955,0c385214-aa43-4058-b135-c81f1d0f507d.jpg
PP0956,956,26ca57eb-3858-410c-84a5-10504861589c.jpg
PP0957,957,5a1c0391-037c-422f-ac8d-25ea8372d663.jpg
PP0958,958,3a420b56-e7b8-4420-ade3-e2fd5d7223df.jpg
PP0959,959,39861c4e-a51e-473e-b2ad-569a906ac48e.jpg
PP0960,960,dc216ae5-5a4f-4f8f-8fe2-57ab14a50750.jpg
PP0961,961,2759eacf-735b-4211-8cdf-79f1923321e3.jpg
PP0962,962,4e8a941a-6375-416f-9e0b-683dccba8ce4.jpg
PP0963,963,c3d39594-c25f-4e7a-899b-bfe48b0220a6.jpg
PP0964,964,3aeb6135-257e-491c-a7e7-67ffd211669d.jpg
PP0965,965,3e828770-6db7-4339-971c-b0e751fcaf00.jpg
PP0966,966,41b1fbbc-abd4-4bc1-ae72-c74fd50de0db.jpg
PP0967,967,81a07c96-dbe4-4e94-ae4c-45ca88b87d09.jpg
PP0968,968,003c76d9-3eaf-4c8e-93dd-31de5d7557a2.jpg
PP0969,969,eecf9493-8dc6-4f26-b349-ef8d60a77ec3.jpg
PP0970,970,4471ce71-3223-46ba-b07f-739d18e9bd02.jpg
PP0971,971,404be1b5-8d3a-4529-896d-e8d4a53359e2.jpg
PP0972,972,abfe89c8-6565-43a4-8462-97d2f2d4dc08.jpg
PP0973,973,f47fa8ff-2b91-438b-9137-7a39711ca394.jpg
PP0974,974,54f9c6c7-1b21-4edd-a1f9-182d7b847991.jpg
PP0975,975,da731e68-1353-4583-90fe-408e542d8228.jpg
PP0976,976,b4f175eb-71ab-4472-8cec-3c8e7988ce8f.jpg
PP0977,977,3a180311-b3a2-4fca-9108-bfafb3dc64cc.jpg
PP0978,978,98f93a82-8dde-4365-bded-a186b75059e5.jpg
PP0979,979,5437a5dc-07b1-4180-bef6-05bafbbda0c7.jpg
PP0980,980,f58da5cc-d3d4-46fa-9f33-66a4d2d73428.jpg
PP0981,981,79ae8aa7-c040-466c-8360-516dfab65449.jpg
PP0982,982,8c7fa7b4-34cc-46e6-9d87-1f8d4f363621.jpg
PP0983,983,12b8ba3a-abf7-4906-b5e1-08e028db45d1.jpg
PP0984,984,4507a536-d281-4427-83b3-c361c935fad0.jpg
PP0985,985,a4329ff9-b08e-49d2-a6b9-898e5312d524.jpg
PP0986,986,8a850c48-845b-494b-a6a7-c9abcc2e3226.jpg
PP0987,987,fed70069-5506-4e9c-a021-04d082a22aaf.jpg
PP0988,988,bdd686ca-742c-422f-9977-404bf61cdf05.jpg
PP0989,989,6a6dd84c-2a79-4db6-b282-601557148aba.jpg
PP0990,990,cc7a2fee-4078-40e7-aba5-f2a888f73ea4.jpg
PP0991,991,afb44bcb-2e94-404c-bc47-32aab820b0be.jpg
PP0992,992,29ba4494-3969-42cd-a5bc-e4f7c9b72893.jpg
PP0993,993,dace60f1-cbc4-4072-8923-c142f41feeeb.jpg
PP0994,994,a593189e-b293-453f-8bd4-da8a6624b693.jpg
PP0995,995,9aa25f1a-07ab-4a5f-b6b3-8b1e625a4123.jpg
PP0996,996,bb1b8835-c9ca-4314-96db-ebf9804f7cde.jpg
PP0997,997,65c78caf-c606-4763-9ef0-b298d68fbb29.jpg
PP0998,998,6ca626f3-0727-4858-9c73-cca4dab8202e.jpg
PP0999,999,15da873e-3c66-4a09-9e48-dd2fd5852535.jpg
PP1000,1000,09c72149-10a4-4f8f-bd93-b8ec19a2ca29.jpg
