trans_id,trans_date,train_id,trans_item,price,payment_method_id,shopping_method_id,s_id,b_id
c47ad4f0-4750-4535-9e68-8f0848c7b395,5/18/2019,54890,Lacoste+D2:E941 Polo size 8,15,9,2,M0001,M1001
7e95b651-3805-4afb-bb14-136a9ed448bb,1/13/2019,1212123,Milk Drops for (2 on hold),14,1,7,M0002,M1002
3ad22300-7805-40d7-a19f-8226e3785ecb,5/23/2019,205854,New (1) True Red enduring lip liner (LL),10,8,6,M0003,M1003
813fc10e-fca3-4f9d-b301-20c43c9641ef,5/11/2019,690047,Vans Shoes Mens 9 or W 10.5,21,8,3,M0004,M1004
a98c5293-5bc8-4942-a802-39b631bf1fca,2/13/2019,1389629,Beauty Blenders,7,6,5,M0005,M1005
eb9f16c0-ca0d-4c27-8f0c-0deda3525f92,3/5/2019,579357,PINK blue water bottle,13,6,2,M0006,M1006
b9ac9e11-a1c4-4ed4-84f0-2d8645987869,5/20/2019,1476577,NEW: VS Pink Towel,28,7,6,M0007,M1007
cabda801-c1eb-4db0-a020-5fed0b20a559,4/9/2019,866708,free ship {guess} sexy ruched dress,12,4,5,M0008,M1008
b7ba2611-b168-425b-96a5-92f98d7e47d6,3/17/2019,884932,Liz Lange Maternity Dress,10,9,2,M0009,M1009
07f355fe-96ed-4187-af62-ed2182e16136,6/13/2019,1381977,Xbox S Controller (D Diggler),10,1,5,M0010,M1010
37c423ae-9991-4a55-af2d-ccf4eb785fe4,5/6/2019,490222,Men's short sleeve sport wear shirt,11,8,9,M0011,M1011
3dca4374-d3ba-4c16-b651-19d9524ef905,2/13/2019,1372945,NIKE LEGGINGS SIZE SMALL,15,7,4,M0012,M1012
4ff894c7-c784-429b-a5bb-e9a0ae39311c,3/28/2019,55596,Milani conceal and perfect foundation,11,8,1,M0013,M1013
01e37875-548f-493f-ae64-b528b8c48de1,1/20/2019,1300533,Goyard iPhone 6s Plus Case bundle,25,6,2,M0014,M1014
362376ca-6e18-44f2-9f53-2f709f137c43,3/13/2019,406317,Kendra Scott Arden Bracelet,35,7,3,M0015,M1015
96fcbb48-155f-4309-b1a9-592d7c059680,1/12/2019,1326883,OvO Owl Strapback,20,1,7,M0016,M1016
ae243aa8-d00a-46c8-99e1-001908fff485,3/16/2019,429530,Little People Market/Mercado,26,1,3,M0017,M1017
3b538ea7-76ec-44db-a729-b51f8f40c7c7,1/11/2019,674807,5 PAMPERS BABY WIPES,17,4,1,M0018,M1018
4625f3d6-4311-4352-99e0-600cded18825,5/21/2019,184050,Kendra Scott Berniece Burgundy Illusion,86,6,2,M0019,M1019
d971fc01-f4d2-4867-9a8d-38ddbc70edf7,4/4/2019,621812,Poetry medium denim colored dress,14,9,4,M0020,M1020
c5cb4074-dd55-4ca1-a1dd-ff51cbb19fc6,5/15/2019,761657,"Lularoe XS sweater irma, OS camo bflys",60,4,7,M0021,M1021
1798c6a6-f0f8-4980-b1ce-0a5efbf69651,6/8/2019,398476,Mac eye shadow palette warm neutral,50,4,6,M0022,M1022
1aa30db4-7e8d-4e9e-86f7-31848c49d8d5,1/21/2019,654002,NWT Loft Vintage V-Neck Tee - L,16,9,5,M0023,M1023
dbd1546c-6309-4300-b388-baad1961ef24,3/13/2019,1051250,Chocker rhinestones necklace silver,14,5,6,M0024,M1024
d80441ff-dee4-485a-b3d5-9834f9d61145,4/29/2019,1432888,RD BSO and spoon rest,13,9,3,M0025,M1025
c5a48030-5b2c-4786-abe3-c1d40b93e6eb,2/7/2019,1097742,Embroidered Beaded Crop,14,4,2,M0026,M1026
7ff7b631-5538-4fc7-85b1-de215178dcf0,5/14/2019,297286,Vs tote,20,8,4,M0027,M1027
85f15ea6-1d7e-4dac-a60c-5da91d8ac7b2,2/7/2019,1066477,Bundle of Workout Gear - Size M,34,9,7,M0028,M1028
9e32392f-7e9a-44c5-a6d3-71bdc3f7a1cb,3/5/2019,1453068,ONLY star wars lego set,25,5,3,M0029,M1029
6fd11c7c-bddf-4a9a-bc3f-320593eb8978,3/1/2019,726020,BNWT OS Lularoe BLACK leggings,35,5,3,M0030,M1030
77598d6d-438e-4b6b-bfd4-8354add97a17,2/17/2019,918101,Reserved!,139,4,9,M0031,M1031
5f913122-7d6b-4263-9dfb-ef684529a156,3/15/2019,549879,H&M Extended Scoop Tee,13,9,1,M0032,M1032
9442dcb3-449d-4403-b405-f2f4c52a2695,5/18/2019,682539,Long Wavy Party Cosplay Wig Dark Brown,24,8,3,M0033,M1033
6acaea60-21f4-4915-8e3f-e1feafaa84dd,5/17/2019,789371,Halsey Badlands cassette tape,12,8,2,M0034,M1034
6521f635-e792-431e-a1e2-fef438724ea3,3/13/2019,405531,Thomas and Friends for DVD new,7,2,6,M0035,M1035
9fd31ce6-0de7-4685-9ab8-54610df84cfb,4/17/2019,372163,For Saabs_719,40,7,1,M0036,M1036
6fc858e6-4932-4b51-b08d-0a412c2f5090,3/4/2019,1128675,2 Size 34B Bombshell Double Push-up Bras,15,4,4,M0037,M1037
946a52d0-d9c1-4c33-ae3f-160d0c7817ab,2/19/2019,1235809,Patagonia swim suit s/m,13,2,2,M0038,M1038
14ec8fec-cadf-45dc-a2db-1e7b63c32e4c,3/2/2019,513204,Catherine Popesco Bracelet,40,1,6,M0039,M1039
f124ae81-0bd3-4d4e-a93f-4b1dd88549a4,1/23/2019,1165661,HOLDING FOR DIANE,25,1,2,M0040,M1040
d9fd30e1-3090-46d5-a5b1-5742e812b5a7,6/13/2019,1149199,Toy Rascal Squishy Halloween,12,1,9,M0041,M1041
83150e57-f3e7-4c6d-a9db-e8b50daf80ca,4/19/2019,920205,Elf on Shelf female with tutu and poem,15,3,2,M0042,M1042
b905e7b3-f854-491d-a9a0-db64b662611c,3/18/2019,1330852,VS Pink Triangle Bralette Large,13,3,2,M0043,M1043
b97eb724-1dc1-4740-94de-c9f155e9dacf,2/11/2019,85419,Bath and body works bundle,16,6,5,M0044,M1044
b9f8ef40-30d6-4f7c-b029-80dce774a471,5/2/2019,352893,Kate Spade hat,26,3,1,M0045,M1045
9ca1977d-3193-46a1-9e5e-fc28e7fb618d,1/15/2019,1464657,Sally Hansen Gel Kit and Polish,20,8,9,M0046,M1046
20d34d09-4194-4381-8af8-fd30230410d6,6/13/2019,945901,Genuine Turquoise Necklace,36,2,7,M0047,M1047
760ad769-4f73-4509-a043-76f08ac3b825,3/23/2019,441457,Wizard Of Oz Red Slippers Doorstop Witch,16,8,1,M0048,M1048
192f2d9d-d428-4465-88ba-6c30f80ee802,2/1/2019,758562,Victorias Secret Pink Anorak rain jacket,39,6,5,M0049,M1049
55450e4e-d35b-45ad-ae6e-be289f003d85,6/13/2019,561728,Supernatural season 10. New*,12,1,6,M0050,M1050
419c77b7-0665-459b-a59d-79cbb5ba33bf,1/14/2019,1250789,Vanilla Protein and Greens Powder,16,8,7,M0051,M1051
5fd59e43-1573-4e87-bfea-baa1d789bbab,3/24/2019,314851,Fancy pig piggy bank,10,8,8,M0052,M1052
72bb2421-f868-45c9-aae4-a485efbd6bb2,3/16/2019,1269001,Rose Gold MK ladies watch,39,3,1,M0053,M1053
2009302e-72cd-4d05-b947-710f637608fd,6/7/2019,1113965,EAT MUG,18,6,9,M0054,M1054
b43c856b-cc7c-4500-bb23-22dc701eadbd,5/1/2019,999195,Regal Gift Cards Set of 3 [rm] value,53,7,6,M0055,M1055
4426b033-9ddd-46c4-8286-2267ec808f94,6/15/2019,1028207,4 pairs of 5toes nonslip exercise sock,14,8,3,M0056,M1056
6ef4e188-48d5-4dff-85aa-fd8c592e84ec,4/1/2019,921729,ZOMBIE GOTH TEE - HOLD,6,3,9,M0057,M1057
0f65e24a-f79b-4c12-82ef-a3ad59ab6b1e,6/3/2019,1385934,Furminator Dog Cat Deshedding Brush Tool,15,4,3,M0058,M1058
f974d8c9-54ce-482a-b0e6-6579376dc45c,1/15/2019,814422,Zelda DS games,39,9,2,M0059,M1059
d597230d-3df1-4cdb-ae8f-f7b1a7ddaf98,1/6/2019,1057886,Plastic bag holder,6,8,5,M0060,M1060
05bd3f4c-1c43-4eca-97b5-56fae1854c71,6/1/2019,758712,Lil' Minnie Mouse costume,10,5,7,M0061,M1061
98ad3cf3-315b-4145-bfdf-35cfa183a512,3/14/2019,911909,Death Note Anime DVD Volume 1,8,9,4,M0062,M1062
9273e38a-2313-49fd-9c85-1a72df6eb6b7,3/9/2019,543738,45 Pink 10x13 Poly Bag Shipping Mailers,11,9,9,M0063,M1063
072f649f-4056-447c-93bb-27db915752ac,3/21/2019,1145045,Lipsense PRECIOUS TOPAZ,18,1,2,M0064,M1064
cbcffc0c-5e73-43a4-92bd-aba509ebe1e1,5/10/2019,912407,Brand new 4 piece set white,10,9,6,M0065,M1065
0f13b352-cf17-4743-b782-092608110989,6/10/2019,114193,2x Universal Steering wheel phone holder,7,8,9,M0066,M1066
a190d2ce-d5a3-4ec1-a666-8c5123b3cb07,5/18/2019,1101353,*FINAL SALE* Black Muck Boots,65,1,9,M0067,M1067
d12e95c4-d53d-4684-87b2-e737571c3070,5/10/2019,103125,For @Sunshine Silver 925 Necklace,35,4,7,M0068,M1068
9a2a1f99-c9f1-42e5-b35d-e8c0ee0e1ddf,3/31/2019,68642,Fur Slip-Ons Bundle,26,7,6,M0069,M1069
0add48e8-9fc5-4070-84b4-0076cadf8d4a,4/19/2019,3513,Victoria's Secret bundle,50,7,4,M0070,M1070
6b49ebd6-5c8d-4ec2-8122-25a09a20fec1,4/5/2019,616467,Funko Pop Lexa The 100 Figure,7,2,6,M0071,M1071
14258049-b752-4744-becc-8fae33407d62,2/25/2019,112246,FREE SHIP Urban Decay glitter Moondust,34,8,5,M0072,M1072
47375756-0ffe-48cb-b9fc-535226ccf68b,5/8/2019,880443,Gerard Cos Slay All Day Setting Spray,18,7,1,M0073,M1073
82df3a6b-6548-4696-95e0-4873b46bd803,3/28/2019,33385,Nautical / sea party supplies,9,7,6,M0074,M1074
e992fc06-8fa2-44f2-98a7-2f3474b80997,2/19/2019,1213287,???FS sand n sun sheer top???,7,5,5,M0075,M1075
88beda31-f8cb-4708-8290-3c33c7fca4f0,4/16/2019,17639,i6s Cute Rose Gold mirror case,8,2,9,M0076,M1076
34caeda3-20b9-44b8-83a8-c59c4e0f6182,3/26/2019,447255,HOLD: SIE // BEAUTIFUL aquamarine ring.,20,2,2,M0077,M1077
d1012ad0-d969-41e0-a38c-15412c37fefa,3/11/2019,354022,Hudson Jeans Size 26,26,6,9,M0078,M1078
272ebe0f-ec46-4126-97a1-56cab7f43205,3/29/2019,440087,925 silver ring size 8,24,5,4,M0079,M1079
d1b753cd-0393-44f7-b23a-ec16cd60bfc5,4/13/2019,1249281,NWT Chelsea,27,6,6,M0080,M1080
9161fc75-7bca-4677-8639-d02d6c3e940b,6/3/2019,262226,Fresh skincare samplers,10,1,9,M0081,M1081
b7b95f50-f1d2-41fa-aeef-1c180018588f,4/27/2019,724744,Handmade boho wrap bracelet or necklace,19,4,9,M0082,M1082
93e3e881-974d-454c-b652-da369c7b1a96,2/10/2019,243000,Adidas Long Sleeve,24,9,8,M0083,M1083
1f360e43-265e-4dbc-b532-05a935795526,1/4/2019,672688,Dragons YoYo,9,8,7,M0084,M1084
b22f7282-70d5-4c33-ab99-c08f5788c10e,5/22/2019,253146,CRB gator green/ Dottie bundle,54,2,1,M0085,M1085
089bd823-c6b9-40c4-ad7a-bfcc8b732a76,3/8/2019,117994,Marilyn Monroe wall photo,14,2,3,M0086,M1086
1c7cebc1-1bcd-479b-82e9-85af7015dcb0,3/6/2019,291726,NWT VICTORIA SECRET MAKEUP BAG,12,2,6,M0087,M1087
4682e0dd-8061-4401-bd29-9df6a798a2e6,3/11/2019,1141629,Michael Kors cardigan with leather . Med,31,9,1,M0088,M1088
b0eff60a-eb80-44a9-b932-09e11a3572c1,2/13/2019,1479501,Le Boy Burgandy Medium BRAND NEW,396,8,2,M0089,M1089
ddec4198-3e00-41c2-8251-77a9b46a6242,4/26/2019,1203202,Coach Slippers size 8,29,1,6,M0090,M1090
f75145f8-ae42-41ed-9cf5-cf2f29f6ef4a,4/20/2019,839325,Victoria's Secret 2 pc set size M NWT!!!,16,8,7,M0091,M1091
d77d175a-456a-419e-84d9-be2124110fb7,4/19/2019,1338049,Anastasia Master by Mario palette,35,2,4,M0092,M1092
1c8228df-4bff-426d-a35d-7c4b7ff51d89,1/5/2019,751250,Bronzer and Primer,11,3,6,M0093,M1093
f9693602-d21e-4d57-81d0-0614d107c07e,3/23/2019,1475697,Lps carry case,22,2,2,M0094,M1094
a4ec3d48-9ed6-4944-a142-0222c6f091b1,5/22/2019,523962,Superman Shirt XL 14/16 Child,8,5,8,M0095,M1095
e0ab37e4-4ea6-4dac-9b8b-0d2b0cb85815,2/4/2019,304929,Xbox one controller,70,9,8,M0096,M1096
1e9019f7-f109-433b-8205-a19863200278,5/14/2019,167850,Supreme Black iPhone 6 6S Rubber Case,15,1,9,M0097,M1097
51e3f2ce-b3de-4bc0-8ffe-e2a96b2fddbc,4/28/2019,1088771,Navy maxi dress,22,6,4,M0098,M1098
2ba741d5-df0f-4fd5-86a5-99bdbf5ff26d,5/14/2019,768213,Disney figural keyring- Scrump,6,5,8,M0099,M1099
6bedee21-401d-40a5-960d-2705c6011f7d,2/11/2019,359747,Lululemon Cool Racerback BUNDLE,41,7,1,M0100,M1100
33b4672f-d486-4b66-97ca-6d9f7e92c72d,6/2/2019,676111,Victoria Secret Pink Shirt,16,7,8,M0101,M1101
a2cb02df-666c-4d25-89df-48ee9d085300,5/26/2019,1370461,Medium Cotton Stem Wreath,30,5,4,M0102,M1102
744dca79-0959-4110-9162-23c6ec82ce0a,1/20/2019,111041,Women's Suit Jacket,12,6,7,M0103,M1103
2285b6b8-fe76-4a76-9599-2fb249c52dd6,2/17/2019,240242,Kylie lashes & Glue,9,3,1,M0104,M1104
0dd7cda6-feae-4ebb-80ef-69c9e1b3eaa2,5/22/2019,679165,Tsum tsum lip smacker,12,9,6,M0105,M1105
588eb260-bb61-4277-9a39-bba12d684981,4/6/2019,408764,Thirty one 31 Robot Notebook holder,21,6,5,M0106,M1106
f03cd15e-83f3-494a-8ccb-ea49863ace38,3/27/2019,1226038,Guestbook frame,18,8,7,M0107,M1107
a433f672-e1bf-4c30-92e9-d08d7a2841fd,5/23/2019,1101943,Size 5.5 Thin Sterling Band for Lelia,16,3,5,M0108,M1108
b72dd931-2820-4050-92dc-1975d58b15b6,5/16/2019,158224,New Morphe Pallete 350M,20,4,6,M0109,M1109
c1695cfb-80b2-40e4-9b5d-bbbc097b0f0e,6/7/2019,1002212,Call of Duty: Black Ops 3,16,6,9,M0110,M1110
a557fae4-39bd-4b2b-9415-d5a1c15feb18,5/30/2019,1003311,Case knife,8,9,4,M0111,M1111
e03cbc27-5fd8-4821-ad92-23864f377b07,2/1/2019,845657,Air Jordans,20,9,3,M0112,M1112
9b5c2813-c35a-47f0-bd12-77e6153ad917,1/13/2019,2687,Medela Double Ease Breast Pump & Carry,38,6,1,M0113,M1113
721d419f-1a1e-4c24-8c20-1e19439acb49,1/18/2019,460364,For Mikeala NWOT Lululemon longsleeve 6,37,8,1,M0114,M1114
06cbf5d2-3099-4b0e-96dd-548d68874de9,5/12/2019,810346,Dr. Reyes 38D shapewear,20,4,2,M0115,M1115
d8225bbd-7559-43ed-a366-5cad785b2d03,2/4/2019,93914,Ariat Heritage Crepe Western Boots 7.5,42,2,7,M0116,M1116
3ccbe813-c1d1-46fa-9da3-49d2dd5d832a,5/18/2019,716985,Wine Fossil Q Wander Watch,121,5,6,M0117,M1117
81c6af2b-f201-43dd-89a7-32aa9a776c39,1/27/2019,1152986,Mini Melissa,20,4,2,M0118,M1118
ba33164d-b327-4f79-a19b-9466f6b7aeac,2/23/2019,155604,Custom Vera Bradley Bundle,30,3,4,M0119,M1119
94869728-2e62-4b36-9c65-c079ce9be4a6,3/25/2019,44773,Ugg Women's snow boot,85,2,8,M0120,M1120
8e9a13bc-64ab-471a-9f66-68ecf6bd1edd,4/29/2019,1365211,Mermaid Garland 2 SETS!,14,4,7,M0121,M1121
d3d4ef5e-fb27-4e26-9328-0903b11dbc33,4/20/2019,1021529,OS Tribal Disney Minnie leggings,38,5,7,M0122,M1122
07bbefe1-496d-41f8-b7ea-f84c6996fb70,5/6/2019,400555,Blue Bandana,7,2,6,M0123,M1123
5ce96b1d-1bb3-4e8d-ab4f-6faddf15bb49,1/26/2019,27976,Tory Burch Medium Fleming Woven Bag,135,3,8,M0124,M1124
5eee71c0-58af-4057-9f5e-b42ace1f5d23,2/18/2019,14159,Spray and body oil,11,3,6,M0125,M1125
24012376-193b-461f-afed-a34d7c39d03c,2/27/2019,588027,Free ship black lace choker,3,9,8,M0126,M1126
3e585d9e-028a-4933-ad98-2da9ce118a89,2/19/2019,1362532,Elephant family necklace,10,7,1,M0127,M1127
1aad0a83-8fa5-4cb8-abdf-0c536fb44fbf,1/13/2019,135607,Vs pink bodysuit,14,5,8,M0128,M1128
592058a3-5539-488e-890c-cbe7cd29d328,4/17/2019,766340,The Original Butter Bell Crock,9,7,8,M0129,M1129
52aca895-678c-4175-ade3-0bf8a318be5b,1/25/2019,1063283,Bassnectar Leggings,56,9,4,M0130,M1130
1196c4d9-0f63-4804-8e02-a9a50386dcf7,5/23/2019,72877,"Glass Pipes,Bongs,Bong,Water Pipes,Pipes",15,3,6,M0131,M1131
b2e6f50e-e5b4-45f3-ab24-0761d6fbaa41,6/10/2019,882987,Nintendo Gameboy Advance,21,5,3,M0132,M1132
3914b565-617b-4279-a136-18294364e2f3,4/26/2019,1366358,2 ROXY SWEATSHIRTS S,19,4,5,M0133,M1133
4c2135bf-2c79-46e3-9758-90ca3261fbb1,5/17/2019,445,Milani Eyeshadow Pallettes,8,6,6,M0134,M1134
d508ef30-dc9a-49df-abf8-417289b12380,2/19/2019,649364,Rae Dunn Friendsgiving,24,3,7,M0135,M1135
3162d99c-04b6-4dd3-9d9b-2d9a7f408cb1,4/7/2019,943033,lulu lemon scuba hoodie * stretch,46,3,4,M0136,M1136
0e64b6d9-63cd-496b-ac20-c90522ac7afd,6/10/2019,420703,Anthropologie Bordeaux Cocoon Cardigan,28,2,2,M0137,M1137
1a620839-e0bf-4d82-a1db-a6926c2ef9b8,2/8/2019,730895,SALE !!! Nike foamposite,200,1,7,M0138,M1138
a183fab1-3d0a-4ea2-a4b7-dd35a1aa8f50,2/8/2019,1468134,??????New With TAgs??????S/M,6,6,8,M0139,M1139
ecc42d59-3e79-43d7-95e2-bc0613e20744,6/11/2019,298122,Elf on the shelf TuTu,6,2,6,M0140,M1140
bc527a5f-b151-4e4f-9d58-cfd4d1f52f33,2/14/2019,637942,FREE SHIP Lime Green Tank,5,3,7,M0141,M1141
42ab87d1-c200-4b6c-a32d-70a6721d6dad,2/17/2019,838349,Louis Vuitton Wallet,130,7,8,M0142,M1142
b214d859-c6b4-4abc-947f-73e47df88057,1/10/2019,287372,Lululemon compression tights,55,8,8,M0143,M1143
3b823056-bb7f-4e25-8452-444551c91220,3/17/2019,1146031,Artist Couture Diamond Glow Powder,14,7,8,M0144,M1144
f9797152-031d-4a18-ae84-75d937151e1e,5/16/2019,490802,Men's motorcycle boots,74,5,6,M0145,M1145
be20743a-0cc9-473b-b85f-a84246d8e96a,4/20/2019,1113710,LuLaRoe 2piece set Cassie Skirt Lindsay,48,2,2,M0146,M1146
a2baea3f-e1be-431a-ad61-be31c0d7a3f2,1/12/2019,579651,iPhone lightning dock,19,7,8,M0147,M1147
68f503fc-7fad-4c2b-85aa-e4c1c2d1d1eb,1/14/2019,848007,Nike SB Janoski (Grey),26,7,3,M0148,M1148
db874f62-93d4-4480-a3d4-38e288205d6f,5/17/2019,757240,Sugar pill x Edward Scissorhands Palette,26,1,9,M0149,M1149
27ad54b3-60dd-4586-b06a-e917ffd22a13,1/5/2019,730080,Women's Adorable Sweater,12,1,5,M0150,M1150
2eb0da6e-bf11-41c1-84d4-59612d6c295e,3/9/2019,812952,MS PENNYS BUNDLE,23,5,3,M0151,M1151
8884ad11-ad83-45ef-a1a2-7804a1b893f3,3/11/2019,101066,Umgee Ribbed Long Tank W/ Lace Bottom,14,2,5,M0152,M1152
400937f5-39f2-4b26-9fd7-1950d2997cf3,3/7/2019,169758,Nightmare Before Christmas Dress,15,5,6,M0153,M1153
a0e2d824-d2fe-4362-90af-f35e44b32a8a,6/15/2019,936241,New York Yankees Women's Top,9,4,8,M0154,M1154
b9eecaea-4a73-44b2-b4c3-7b9b15e87dc3,4/26/2019,1083943,BTS 2nd MUSTER OFFICIAL JUNGKOOK JIMIN,25,8,5,M0155,M1155
202c88de-ecb7-4262-8d73-9e5b2fba95fc,5/10/2019,237265,NEW PINK Nation pullover sweater,24,1,6,M0156,M1156
c674fc89-8575-45df-9413-99af1d25cd3f,1/29/2019,272784,"Halloween treat bags, 4 packs, New",6,6,5,M0157,M1157
2d680b15-0829-430e-90b3-4352b01afcc8,1/21/2019,1018821,LuLaRoe small black Lindsey,34,5,1,M0158,M1158
0660f057-8844-4f88-bb54-4511a68368c1,3/8/2019,685385,Lauren James t shirt :),22,3,3,M0159,M1159
0ddd08f2-db2e-4bfd-876c-442e8ae3761f,2/21/2019,57961,Bundle for gorgeous only !,90,4,7,M0160,M1160
55dbc25a-2d6e-48e3-8ad8-4b1521a47eb3,5/20/2019,316554,NWT Lularoe girls azure Size 2T,14,1,4,M0161,M1161
6ee88590-cd5d-4e82-b349-341ad33c794e,2/9/2019,721782,Color Outside the Lines Wall Sign,12,6,5,M0162,M1162
68e186ec-28a5-472a-8831-957035b58860,1/21/2019,1094321,Ty Beanie baby runner,12,8,4,M0163,M1163
bc751f98-be62-4bf2-aa65-6c33c878d906,2/26/2019,577438,Under Armour Leggings - free ship,12,1,6,M0164,M1164
bb7e4461-b730-4d49-99c6-8b27ce141d62,2/19/2019,582630,GUINNESS BOOK 2012,7,7,6,M0165,M1165
01607d0c-5dde-472d-9276-9859172baecd,6/11/2019,869622,Vs perfect coverage bra 34dd,25,7,7,M0166,M1166
a8547d07-11e0-473a-a4ab-fba57f8e2a8d,1/26/2019,948434,Women burberry large,51,2,1,M0167,M1167
7db75d87-55f2-421e-b7d0-70ac9e6204ce,1/19/2019,1186609,Coach original black shine handbag,26,6,8,M0168,M1168
e31eec0f-0643-4270-a5d1-854dd73eb864,1/27/2019,191838,Green Monster Floam,4,5,1,M0169,M1169
1ab4717f-6809-474c-b68e-c98fc0d125f2,3/5/2019,542663,Michael Kors wallet,13,3,9,M0170,M1170
55b1611b-d84a-41f9-a2cb-6b881938259f,6/14/2019,259291,Laura Geller Spackle Makeup Face Primer,10,8,3,M0171,M1171
ced4994f-449b-44b3-bde2-8a4664f6828c,5/19/2019,1347416,NWOT Old Navy Jean Jacket - M,14,5,4,M0172,M1172
34737407-e97c-4048-88a7-3469ca5a6fac,3/18/2019,381044,Authentic Retired Pandora Duck Charm,16,3,5,M0173,M1173
dc4387d7-f69f-4654-9b20-1c9eedd2f661,5/27/2019,1097595,Realistic Pomeranian dog plush,15,8,1,M0174,M1174
b2e0c9f1-5c99-4285-8f20-b26582a4095c,1/21/2019,748580,Clarks Brown Wallabees,51,4,2,M0175,M1175
52c7dcbf-d3c5-43b4-b297-c919bd01f0ba,5/9/2019,1220430,Lot of 4 New B&BW lotions,18,1,8,M0176,M1176
2d8c9472-03cc-421d-b030-9fc722d203ff,3/13/2019,1270991,Brand New Citizens Women's Watch,21,9,3,M0177,M1177
ca3ab1f0-e51b-4e04-a321-048b918461b4,1/21/2019,1253663,Adidas NMD 6.5 NIB,161,8,2,M0178,M1178
d6926605-bd25-4a0d-ba6f-e7f463864729,5/16/2019,742364,New York and Company Sweater,9,9,7,M0179,M1179
c3e420db-cc25-408c-8e14-3f64000d70ec,3/23/2019,777072,40 Rose Polymailers,10,2,2,M0180,M1180
ccae7c97-455c-40d5-bbe7-4ea0825f47f0,3/5/2019,529578,Galaxy s6 edge Plus smart view case new,10,7,1,M0181,M1181
f11c3d16-a745-4739-a3bc-a531a18638c9,2/3/2019,76029,FreeShip Brown Clubmaster Clear Glasses,8,8,4,M0182,M1182
b5970b30-25d3-4d88-970a-2f0f3a01c0ca,5/23/2019,372104,Planner!,9,5,2,M0183,M1183
b342a761-5ffc-443e-897e-81cb1608e113,5/28/2019,1325157,Brown human hair extensions,40,8,3,M0184,M1184
f71692f8-092d-496c-b8ac-ed2c7798ec5b,6/8/2019,507451,New white curly hair wig Halloween,15,5,6,M0185,M1185
d6845d97-ba54-4548-8dec-a67aa1e555e7,3/20/2019,407715,Jan25 Bundle of Purse's,211,1,7,M0186,M1186
0baf0e88-0ce9-4ff2-b85a-ddc20768d95a,2/27/2019,755326,Lularoe XS Classic Tee,24,9,3,M0187,M1187
8102f5f3-005f-4aa1-bb09-3b8ee69dfe35,6/10/2019,794377,Call of Duty Black Ops 3 (Xbox One),20,5,5,M0188,M1188
b73f771f-a69f-41d8-af71-05aa867a81db,1/15/2019,177111,6 PC Makeup Brush Set Edition NIB,25,7,2,M0189,M1189
25f199df-0054-49af-95b8-68c680d588c7,2/26/2019,266741,Vintage Black Coach,20,6,3,M0190,M1190
37b72804-e5de-41ec-b6b3-46b7ff2f0449,4/13/2019,626612,Betsey Johnson butterfly purse,21,8,9,M0191,M1191
975b3b2e-fcc8-4165-9e71-0f6994cdef08,5/6/2019,507171,Free People Cascade of Ruffles Tunic,46,8,8,M0192,M1192
ef375f6d-d3ef-4755-8c7c-ab310126ed81,1/22/2019,565851,Hollister Jeans,15,7,3,M0193,M1193
33474d80-fb2c-48ae-aaf9-f829c2bab2f0,6/11/2019,1017513,Ego one mega,30,3,2,M0194,M1194
49e6193d-d47a-4f33-9343-92e3f1e4b003,4/28/2019,1021862,Bakugan Collection Rare,16,2,4,M0195,M1195
5911155b-b6e1-41f5-ba0b-5623143ceb99,2/8/2019,1002801,Free ship! Large Charlotte Russe shorts!,7,4,2,M0196,M1196
a151c101-6d4a-4a56-bd6f-5272c832bbde,2/15/2019,560213,Victoria's Secret 36D bra,26,1,2,M0197,M1197
d45932fb-2d7a-4b27-aac7-baa6e383dbb2,1/18/2019,61408,Yoshi's Island,10,2,8,M0198,M1198
85cce335-1e73-4e0d-a9ae-ba8115fb3457,1/28/2019,772921,New Cupshe One Piece Size L,12,6,5,M0199,M1199
52e0a102-5788-4293-a596-5dba8ea03919,3/14/2019,857899,NWT KENDRA SCOTT ANDY,35,8,6,M0200,M1200
b580b867-89b9-40cb-aa51-c56c77396221,5/26/2019,664011,TC Lularoe Leggings,20,7,2,M0201,M1201
721e8c82-f586-4696-8461-c2db90783824,5/21/2019,750410,Garnier Whole Blends Bundle,28,3,3,M0202,M1202
6d198c3e-3046-4aee-958c-f1282e1a8797,4/28/2019,1400342,Koko Kollection,25,9,3,M0203,M1203
8ba819a8-b013-401b-a30e-8591a344cb92,5/18/2019,1397847,"iphone 6 case, Iphone 6s case",8,3,3,M0204,M1204
87d814b6-e384-43d8-af11-f8f8bd515e0c,2/22/2019,1187259,NWT VS PINK marl gray landyard/ID holder,23,3,8,M0205,M1205
96a23a49-9f16-4540-983d-c0dcdea6991a,4/28/2019,101858,Jor'el Parker travel perfume,4,4,8,M0206,M1206
675f3736-ab51-4159-92d4-faa0b10e76a2,5/18/2019,290212,Pink sports bra worn once size large,16,3,7,M0207,M1207
924a2f7a-c267-403e-a9b4-149825910d5e,3/24/2019,509819,Panda Bun 4cm,3,4,1,M0208,M1208
2b004449-0068-41b9-8dc8-2f9bd2c3446b,3/21/2019,454995,Spectrum brush set,56,1,3,M0209,M1209
f90f870e-7caa-4f02-8748-8d0e17787cdc,4/8/2019,420070,Shopkins bath bomb and wonderball,10,7,7,M0210,M1210
63f09d03-4ac5-42d0-b10d-1023ddc7e099,1/19/2019,1159669,Men's Levi jeans,16,2,8,M0211,M1211
b747ba02-eaaa-49ce-a0fe-4ce2c08e73d4,5/8/2019,1367352,Patagonia Re-tool Snap T Fleece Pullover,32,9,8,M0212,M1212
190e4103-24d4-4ede-8197-7d4a132154c6,6/6/2019,380354,Shadowscapes Tarot,16,7,9,M0213,M1213
c5274bf2-cacc-4ce8-8852-ebd44b989037,5/9/2019,85772,Washi tape,8,1,6,M0214,M1214
304f2998-3dbf-4820-bf51-6542bc523f24,2/1/2019,1417598,Gap shirt,7,4,8,M0215,M1215
5533e367-3c1d-4bfd-b02e-6f9502acf682,5/17/2019,509719,Water: surf to sand triangle bikini top,38,1,9,M0216,M1216
72a59dbc-481f-4468-8fef-b5a95367ee86,4/4/2019,54622,Red jacket/dress,11,9,6,M0217,M1217
786c548e-0b57-40b1-a8a0-803fe537d028,5/11/2019,743616,Shellac UV Polish,19,3,4,M0218,M1218
df6ab47f-8ad4-4ed7-b122-2ce8e2929a38,5/20/2019,1387521,Sports Bra Bundle,22,2,2,M0219,M1219
77931124-7416-4949-9bce-eece9a06cfd9,6/11/2019,1316367,Brandy Melville Dress Bundle,15,4,6,M0220,M1220
6e4b0dd5-b416-4785-914a-4c61df6f558a,3/15/2019,1372729,Vintage Coach Willis Purse,46,4,1,M0221,M1221
74fb138f-2de5-4571-9fb2-ca68bbbdac72,3/12/2019,157043,Victoria's Secret VS PINK beach blanket,20,8,7,M0222,M1222
5a764358-34ce-4772-a7cc-c48426cc90e1,5/22/2019,1217633,4 Younique liner lot holding,16,3,7,M0223,M1223
c73f1afd-de1c-4e16-b4eb-18d237c38801,5/11/2019,869085,Sweatsuit Aeropostale Grey,20,5,2,M0224,M1224
81bae1cc-0d2c-42f5-80b6-75c778eb02a6,5/25/2019,1053852,Columbia Fleece & Sandals Bundle,33,7,1,M0225,M1225
8998753d-a782-4202-b0da-548fce2cc911,4/27/2019,395874,Condenser Studio microphone,20,3,5,M0226,M1226
1b2cbb10-c0ca-483c-bc2c-f1a826cbb303,2/10/2019,260513,"Diary of a Wimpy Kid book, nwt",8,4,9,M0227,M1227
542117f3-1627-48ea-83d7-c51fa0a0028b,5/23/2019,1238482,OS NWT Unicorn Balloons LLR Birthday,40,2,2,M0228,M1228
20965e21-8746-4ba6-90e8-49d1d1a358ff,3/25/2019,571710,"30 """"CC Custom Labels""""",4,8,9,M0229,M1229
cd75c8ec-1b25-4a79-99c3-b65d20a9a927,3/8/2019,845817,Black and white womens sweater style,9,5,5,M0230,M1230
a910a615-69b0-4c03-a6ab-aa230d0ea852,3/10/2019,588985,Betsey Johnson tote purse set,70,7,8,M0231,M1231
1a1d8fd0-fba5-4ad6-8df3-3361ba6bf1c5,1/27/2019,1429097,FS LED USB Party Light,6,8,9,M0232,M1232
e347e8b1-9cd2-478a-8e93-173994bfe341,5/20/2019,492233,5 unused Full Sized Beauty Products,25,2,1,M0233,M1233
411127e1-eaf4-4f78-b009-3551f905df2a,4/24/2019,945365,2 reborn kits,51,8,7,M0234,M1234
b1fb3bdf-8048-4b0a-b735-c8c688dfdcd1,2/11/2019,1185699,Pampers diapers,18,1,8,M0235,M1235
ac580749-5d4d-40ba-9776-281e070b6d13,3/20/2019,566611,Baseball bats grips,24,3,3,M0236,M1236
2273aa01-76a7-4d8e-8c53-95c35cfb98c5,2/23/2019,8669,Long Black Maxi Dress,11,9,8,M0237,M1237
dbd6e447-1c77-4f75-82b3-3a281216e7a3,2/15/2019,46793,Rose Gold Pop Solo Microphone from Tzumi,18,6,7,M0238,M1238
c8096b5c-66a1-45fd-8d2d-916ff0a89ab3,1/10/2019,582998,2 New beauty blenders,15,6,8,M0239,M1239
dcca656b-7a74-4fe2-b43e-2c85d8260ca1,5/18/2019,440111,Motorcycle books,51,3,5,M0240,M1240
cf82597b-2c5a-42f0-8d03-583b4d064334,4/9/2019,992590,Flyknit lunar 3,36,6,8,M0241,M1241
a5f6f564-97af-4c57-a9a0-b8ef8f55958d,1/18/2019,77596,Lularoe,25,9,8,M0242,M1242
5cd0a5dd-5655-41a8-87c9-6d20d430e3fb,3/13/2019,251874,HerStyle Styling Spray,9,3,4,M0243,M1243
52967f25-9a7e-41de-95c6-4a785f5c0aea,4/15/2019,1139297,TC LuLaRoe,22,6,9,M0244,M1244
ffee652f-e633-4d09-86cd-8bd3b08ec674,3/29/2019,993781,Victoria's Secret Bombshell Bra,24,6,4,M0245,M1245
56147ed5-a87f-4f8b-9d62-7f1dbfffe4bc,6/3/2019,221574,Adidas Drawstring Backpack,17,1,4,M0246,M1246
d96bfe63-bb8a-458f-97e7-be466b5ec2de,3/30/2019,1023105,Lularoe tc tall & curvy leggings FREE SH,15,7,2,M0247,M1247
7f78ae81-b73f-4b96-9339-8c86755c0762,6/13/2019,854638,Wii CSI Fatal Conspiracy,8,5,6,M0248,M1248
42253afe-345f-4252-89c8-c5c7d7f43afb,1/15/2019,720138,Rae Dunn Bowls,24,3,8,M0249,M1249
3d0ba609-cddd-47ef-a7b3-41a7df8265d6,5/28/2019,387124,Xbox 360 Wireless Controllers,36,5,2,M0250,M1250
de04fce5-1e2b-4689-9331-43dbb7e2b163,3/23/2019,735091,Men's coveralls,16,7,5,M0251,M1251
255b176a-c288-4ffd-a0bd-9077509b94e6,4/27/2019,1040253,NEW H&M TOP!,6,4,1,M0252,M1252
0599d283-5b06-4f6b-b22c-b313fbf46608,4/17/2019,6956,Kate Spade Wallet,34,5,2,M0253,M1253
519e1d81-df49-4ce5-88dd-14c46f139b66,5/19/2019,801073,Kick Boxer LEGO Minifigure,5,8,6,M0254,M1254
a5da7116-3dda-4605-ac07-b67934d30619,5/13/2019,125669,20pcs False Nails & 5 Nail Glues,5,3,9,M0255,M1255
a3aa84ce-3a82-4b05-a78d-345b71e5e371,3/15/2019,157018,"""""Kale"""" University style shirt",10,7,6,M0256,M1256
e9327ea6-3fc4-429a-a656-eaf3caf5a883,2/21/2019,718119,Oakley Shades,94,8,2,M0257,M1257
bdf3b4f2-f668-4d21-bed5-50d0f8fe8ced,4/6/2019,788274,Striped Soft & Sexy AE Shirt,15,3,9,M0258,M1258
77d4a524-ba51-416b-a310-f15f003d8272,2/15/2019,1467469,Lularoe Madison Small NWT,25,4,5,M0259,M1259
1ad00ace-2fc7-4b1e-88b5-44e9e67b0ebc,1/21/2019,1185635,Aden & Anais easy swaddle,16,5,7,M0260,M1260
8a71c85c-f219-43f6-bbc5-1d49142823fa,3/1/2019,1228281,2 NWT VS Pink S Thong Panties Bundle,16,8,2,M0261,M1261
6520785f-ae30-477d-9da8-7e1cf0be04e6,2/14/2019,163965,Blanca Necklace,24,2,8,M0262,M1262
d98c8772-d2ad-4479-bce1-9c82ec0092e1,3/29/2019,749452,VS PINK ULTIMATE LEGGINGS SZ MEDIUM,48,2,1,M0263,M1263
c6267497-5ceb-4577-b5d3-bc5a15865f1b,1/20/2019,301142,NWT gymshark flex leggings,56,9,8,M0264,M1264
2b26e011-d8e3-4246-84f7-feb27a5b7817,2/20/2019,998910,Beats Pill,115,5,1,M0265,M1265
0c07555e-0432-4017-97ff-c5ea1dac0cda,3/6/2019,1464568,Old Navy Superman Longsleeve Toddler Tee,6,3,3,M0266,M1266
0b55fb3a-7c56-4646-9ff2-2d0929ee8221,1/21/2019,1128056,NWT Under Armour Gym Tote Bag,23,4,3,M0267,M1267
e2fcac41-21a3-41a0-9dcb-e409c95dd7de,2/20/2019,343689,Lilly Pulitzer Sunshine Charm Bracelet,30,3,2,M0268,M1268
a2a2dc8f-cd8b-41b7-accd-a6b5370341bd,2/6/2019,1212731,New I'm nude Jeffree star lipstick,12,1,4,M0269,M1269
4c351af1-7c81-4665-a373-903c3740f225,1/19/2019,582762,New Thousand Wishes Bath&Body Works Set,18,7,3,M0270,M1270
894a0fd4-6c18-4734-9f4f-9b8144b99bec,2/17/2019,1357966,Paper mario the thousand year door,38,6,1,M0271,M1271
cb924a14-1c5a-44a1-a77d-a1d7c25fcbfe,4/20/2019,125932,Blitz,8,6,7,M0272,M1272
e4895c27-50e8-49ad-af16-315ff4cc8313,2/2/2019,787227,Durabrand Radio Cassette Recorder,16,9,6,M0273,M1273
95ae9e69-da02-45fb-b322-f820fcd8a25b,3/18/2019,266597,Pink perfume,8,1,2,M0274,M1274
847d40c0-6477-44b8-b954-c1e6e652bb52,4/7/2019,1391828,Double Dragon nes,10,7,2,M0275,M1275
b5cb761e-166f-4424-9539-fe941faec118,5/2/2019,1309555,BUNDLE FOR JEISEL,17,2,4,M0276,M1276
9e5725e4-49ec-4a56-beb4-a35f9bbe304a,5/15/2019,602193,Wiccan bundle,13,2,6,M0277,M1277
f95ed54a-1352-4f8c-838c-244c0ff705eb,2/12/2019,826664,iPhone 6s,351,9,4,M0278,M1278
e46b6773-69a8-4188-b38c-f31fe8b12924,3/27/2019,1215312,1041TP: 3PK Marijuana Leaf Crew Socks,10,8,3,M0279,M1279
94070469-6440-48ae-b042-6a7b16d2a268,5/29/2019,361405,Lexmark printer ON HOLD,21,9,3,M0280,M1280
b69a66b4-d561-46bb-95e4-13fc0f3e7903,1/3/2019,726172,Women socks,8,3,8,M0281,M1281
eaba2d68-f784-4a44-8b68-43653db8bfc9,6/5/2019,1063115,M pidgeot ex full-art pokemon card,13,5,2,M0282,M1282
0aed4c92-80b9-45a2-a9f0-65c2f0301a6d,6/3/2019,1232490,Cynthia rowley jewelry dish,9,4,8,M0283,M1283
b6f048ca-8c3d-4856-aedc-12010d7184ae,3/24/2019,1269251,Elsa play set,7,3,1,M0284,M1284
5a707dff-a5ea-4168-b852-4f97e5e724d8,1/12/2019,1326624,Spandex Material Stretchy Body Suit,5,8,5,M0285,M1285
cc266b31-28fe-44a9-8f1b-d48d04f13d6d,3/12/2019,952886,NIP Essie Sleek Stick Steel the Show,3,3,3,M0286,M1286
91102535-36e3-42fb-b60d-2d0d27b5069d,5/3/2019,1282084,UGG authentic slippers women's sz 9 new,71,8,4,M0287,M1287
9a20c2de-a716-4e09-b17b-bbfac5da2258,5/19/2019,1237711,Toddler Nikes,16,9,7,M0288,M1288
afbe3748-b9d6-4f7b-9d18-f1e41d520163,6/4/2019,1011438,Powder,20,8,2,M0289,M1289
9737cfae-8cee-4cb5-a1b8-280b57eee446,1/2/2019,933888,Huggies Pull ups 3t-4t/4t-5t for Ja,24,7,4,M0290,M1290
89f501ad-f183-4339-b1d7-38448e6d3dca,5/25/2019,905357,Tobi Grey/Lavender dress,22,1,1,M0291,M1291
d24a8f23-62ce-4f68-806e-2336aacf9105,2/25/2019,1230371,SS2-3: Black Clear Lens Aviators,8,9,8,M0292,M1292
afbb35b0-495a-465c-a08c-495474bcaaf6,5/8/2019,1161394,Nail Polish bundle!,7,8,3,M0293,M1293
7be7ef59-da89-4d9b-9bac-79e7d0445f76,5/12/2019,541406,Botkier bag in cream NWT,64,6,6,M0294,M1294
1dfece6b-e118-49c4-acb1-4c191edeb9b9,1/25/2019,1128391,Jasmine lot,27,4,8,M0295,M1295
f62382c8-a52d-4cb0-90b6-57b3357c7087,5/9/2019,694880,Papaya strapless dress floral,10,9,4,M0296,M1296
3d2892df-5c69-4f8b-8af1-fb585673f386,4/25/2019,286914,Lularoe NWT unicorn floral Maxi Large,61,6,5,M0297,M1297
49144bfb-eeda-4b34-b6bb-efb5f5a14dc8,5/11/2019,859078,Beautiful Moss Green Lularoe Joy M NWT,44,4,2,M0298,M1298
b17d3c09-5a35-497a-8b89-9842a90c5fcf,2/3/2019,1276422,Silk headband inspired,15,1,6,M0299,M1299
de514833-8732-4697-bca4-4081e39b00c8,4/9/2019,309465,SnapBack dad hat,19,9,7,M0300,M1300
f87bb17f-d513-4210-b683-4700144bd308,3/6/2019,463749,Minnie Party princess daisy,19,3,2,M0301,M1301
eb70c944-ee20-4a38-a44e-f49e75b37244,1/19/2019,821747,Pajamas,15,2,1,M0302,M1302
3bf8ad53-7aaa-4e21-afdb-13239455320c,2/11/2019,454015,(NWT) Despicable Me Minion Hoodie XL,20,5,6,M0303,M1303
52a97d28-bd41-4b74-8fb5-e2997b2d5b52,3/5/2019,255174,Rebecca minkoff clutch,25,5,3,M0304,M1304
604a70f4-d619-44a9-9ed9-eab5cff2f480,2/17/2019,608223,NWT Boho Mini Dress,14,1,4,M0305,M1305
cc555f8d-0e17-4c69-b082-3e2e3c698e30,3/28/2019,381917,Light Pink Adidas Climalite Tank Top S,20,7,9,M0306,M1306
2b0ae704-284d-4a9c-9b12-1fab288c90e9,2/15/2019,904803,PopSockets - Solid Black back,7,3,3,M0307,M1307
fd5a4128-602f-4fa3-a019-a07c7dc3938d,3/19/2019,197660,2t snow suit girls - zero xposure brand,19,1,5,M0308,M1308
fa04c454-4bf7-4f2d-af65-4645279b9ecb,1/1/2019,415515,Jordan champion jersey sz 44,26,7,3,M0309,M1309
2c2fa955-ae8a-4a09-a332-d0b4df056042,5/21/2019,1199886,Victoria's Secret PINK Hoodie,48,7,7,M0310,M1310
5504a35c-1da0-4103-9fdd-ad24b922f1e4,3/2/2019,217395,Cute top size XL,7,1,6,M0311,M1311
a8c8d950-7025-484d-84b3-3e4db2a0aed2,2/14/2019,1266717,Smashbox Always Sharp Eyeliner Set,25,1,7,M0312,M1312
f033d304-8769-4497-8b11-13e9f8594ce9,1/3/2019,1018982,iPhone 6Plus 6S Plus case cover slim,4,1,8,M0313,M1313
69b9afe9-c430-4dc4-854a-eee4171c3632,3/4/2019,1478125,New love ?????? pink lanyard free shipping,7,2,8,M0314,M1314
0b7ba999-43b1-4391-a3e3-0e0ec60afecf,2/24/2019,858995,ZARA OFF THE SHOULDER,23,4,8,M0315,M1315
d2ee3308-7df9-4329-9652-377667f9c4a1,5/19/2019,1034169,Women's XL Lingerie Nightgown,12,7,4,M0316,M1316
5cd85355-d9ee-4240-8ef7-43cb2cdc30e1,1/17/2019,441202,Medium Shorts Bundle,20,3,1,M0317,M1317
870920e1-d6bb-4a61-b9ee-476000d422e8,4/10/2019,259063,Grey Gucci belt,50,2,5,M0318,M1318
1a6a4803-d358-4c01-8a0b-6e89438b8033,5/22/2019,1435624,Nike LeBron basketball shoes,40,5,9,M0319,M1319
c57b81d4-2630-4f4f-bbb2-dc347760605b,2/20/2019,1458981,BALANCE MENS WALKING SZ 8 WIDE SHOES,20,9,7,M0320,M1320
fdf356e6-06a3-4270-ad51-c4ea338f14e5,5/20/2019,346508,Michael Kors Jet Set Travel Tote,89,7,7,M0321,M1321
faeb3380-d786-44c8-81d6-9abd0d5cb4a0,4/21/2019,826156,Love Screw Gold Bracelet 17cm,35,6,8,M0322,M1322
3bba8d0f-1dcc-4ac5-a01f-4ddbb47f58c4,2/1/2019,917877,LuLaRoe Stars OS,30,7,8,M0323,M1323
9d0dab44-aef7-49bf-a727-5fa0dc4070b4,4/22/2019,461466,DL1961 coco curvy straight jeans size 26,28,7,3,M0324,M1324
0c580882-2d45-4d3d-9437-fe2768b98dfe,1/4/2019,1109850,Refuge jeans,10,6,7,M0325,M1325
163ebc60-1bd9-4682-a155-1bc794899071,4/26/2019,1111300,Marble LuMee iPhone 6 6s NEW,18,4,6,M0326,M1326
1022e58f-006d-43d0-b68e-c6a2d69172c5,3/14/2019,861878,Led Tennis Shoes/Sneakers Red-Size 7 US,30,6,1,M0327,M1327
43ef10ae-5b1a-41b2-a42c-8962b4f99b85,6/1/2019,663325,Aladdin costume size medium,17,1,4,M0328,M1328
165b7755-decb-4800-8e59-df60d26699dd,3/27/2019,792319,Rae Dunn Imagine mug,24,6,9,M0329,M1329
f12c08f2-f2d4-42a1-99eb-dbf7b3cdc104,4/13/2019,688008,Playstation 4 PS4 Dualshock 4 Controller,28,9,2,M0330,M1330
617a5672-5a11-48e6-b606-65777f60d00f,5/26/2019,742800,Apple 42mm black Milanese loop,99,3,8,M0331,M1331
47840d05-0aa2-4f65-b544-c0e07e576a75,4/28/2019,1286788,Leslie Ann/Bundle,36,9,1,M0332,M1332
0d7b0de7-2047-4b43-91d3-ebc94f6ee91a,1/30/2019,911072,Bundle of Christmas Headbands for Baby,12,4,8,M0333,M1333
89d824df-daed-480c-82d2-43fab816a388,4/24/2019,252829,Kylie birthday bundle will not restock,231,6,7,M0334,M1334
8e6063c5-4505-41bb-bdd0-3ce48705ca62,2/17/2019,334304,Nike Pro Dri Fit Half Zip,15,3,9,M0335,M1335
30a4eff2-e6cd-4577-a387-31a42f51b4c0,4/1/2019,638776,Freemie connection kit for Ameda sealed,14,5,1,M0336,M1336
1a49c372-3a33-43f3-a811-35bae37776d8,3/28/2019,842147,Spiderman Figures,6,3,8,M0337,M1337
1df60ee2-ea06-48ee-a08e-a8c97164467f,4/20/2019,1301650,Lace front wig,15,7,4,M0338,M1338
34da71b8-fd33-4b27-ab50-6f3d70930b5f,4/15/2019,485770,NWT Boys Gymboree 12-18m Sweater Top,16,6,9,M0339,M1339
7b8730a5-505c-474f-9a41-5116e72152ce,5/7/2019,762418,Shoe Rack Holds 50 Pairs 10 Tiers Sale,25,6,5,M0340,M1340
76204c57-1b9e-4320-b2fd-9b9b87e07f31,4/23/2019,1321378,Free Ship New VS L (9-10) cozy slippers,16,4,9,M0341,M1341
9e60f045-6486-4a2f-a64d-14289f505dee,3/11/2019,503081,Perfect Tee,18,5,4,M0342,M1342
a3443897-536c-4c2a-9c54-e42a6e43c820,2/2/2019,26545,Set of 2 silicone nipple covers new,6,8,9,M0343,M1343
27ace8d2-5c70-4534-ae47-fd71538bc761,5/17/2019,1154522,A|X Tank Top,8,6,7,M0344,M1344
c7b1794f-c196-4d8f-ba7b-35a6a8c09c29,5/25/2019,88071,Fisher price music player & camera,21,6,2,M0345,M1345
6bec7691-7d13-493b-a30e-d761eb910d0a,1/18/2019,693784,Herbivore oil,40,1,7,M0346,M1346
b8325ee2-7e91-4bc9-ae7d-e2e5d2060ce1,6/2/2019,1331454,Coach dangle bracelet,29,8,9,M0347,M1347
cb998b59-ad14-4fe1-ada9-d5df4f8fd803,4/18/2019,134085,Sunglasses,20,1,7,M0348,M1348
4631a8d7-d23f-4648-9bbd-c66d8781046f,1/22/2019,778392,Michaels Kors Handbag and Wallet,39,1,6,M0349,M1349
58a30af6-00aa-4020-aa2c-d1e8ff988c1e,3/18/2019,59360,Apple iPod **JUST REDUCED PRICE TO 125**,119,9,1,M0350,M1350
02d51d69-28ab-4b38-a5a3-6f02a68b3148,3/17/2019,624770,Red HQ 5 ft Type C charger,8,2,8,M0351,M1351
140f4d45-5f46-4fec-a669-276576d2f972,6/10/2019,1144865,Polly Pocket,10,7,9,M0352,M1352
36166006-26c2-430a-aea4-a996ffe430ca,4/24/2019,914997,Stella & Dot earrings,32,1,2,M0353,M1353
cd600683-b974-4f48-a1ce-8d855a647c84,4/11/2019,669104,2 Pairs of Silicone Controller Grips,4,6,5,M0354,M1354
76d0a5f5-a1a8-4a39-b31e-e91ead780cf5,3/24/2019,221454,Catowoman 22/24 w dressblack butterflie,9,6,2,M0355,M1355
a2e588c8-1153-4bb6-8b44-e3dac95e9fbd,5/17/2019,1028233,Like New Crocs,8,5,2,M0356,M1356
5f75ccd5-b95b-4da8-ba1f-818d027c8c97,5/21/2019,497503,Sony blue tooth ear peace,9,7,9,M0357,M1357
d7950ffe-33fa-4dc7-86a8-830d5e042287,5/30/2019,432901,Pink cooler lunch box for Aly,12,4,2,M0358,M1358
d7ffc50f-a2cf-4616-b956-47351d8c2085,3/26/2019,561876,Stretch Mark Cream & Scar Removal,7,6,7,M0359,M1359
d5b2207a-09ad-468f-9164-f254754e4d73,4/23/2019,897684,Free the People,10,2,1,M0360,M1360
5c9042e5-46ec-4b0a-b7b8-dededde88bd2,1/29/2019,951552,Coach black and pink handbags,126,2,9,M0361,M1361
2b55808f-5065-4c2c-8cf2-a97c53672ab0,1/10/2019,194342,Hold Rose Heart Tank Top,41,2,1,M0362,M1362
7674c969-8951-46f7-9cb3-6dbe1d8cc1b6,6/7/2019,207985,Womens Coat,9,8,5,M0363,M1363
2b20e058-f167-41a4-95f8-2dea4c0ded20,1/10/2019,897097,Disney Duffy Aulani 12 in. Plush,16,3,3,M0364,M1364
0994a024-c797-4e7c-bb63-bb86bb16d29f,2/23/2019,290082,Women's Polo Tshirt,10,6,7,M0365,M1365
b89e77fd-7125-4385-9987-d03a97bea75a,1/28/2019,1355283,Victoria's Secret Bra,24,2,5,M0366,M1366
200a6b09-e354-41a5-b026-5b9dfc1fab4e,3/24/2019,479532,Sexy hair straightening balm,8,6,9,M0367,M1367
179e135e-3e03-45cb-ac1f-6d0b8ab1fc64,5/30/2019,1023626,VS PINK Maroon Campus Tee S,29,8,3,M0368,M1368
92d725b8-5cfb-4620-9285-b1b5a27821d5,1/23/2019,1452266,Revolt patriotic jean shorts,9,6,3,M0369,M1369
60066310-3051-41c8-b490-c540ce7ee017,2/26/2019,189575,Vampire diaries necklace,7,4,2,M0370,M1370
9e3f170c-f8d6-4bf8-96ba-b11245dea087,5/23/2019,1403332,"Nike Elastika Tank Top, Medium",29,7,9,M0371,M1371
c77bd66a-4cad-411c-a746-6b91ffcddf33,1/31/2019,749746,Funko mystery suicide squad joker,6,9,6,M0372,M1372
a35b96d4-4398-4bed-b9bc-31d41b18e1bb,4/10/2019,1049098,Makeup Tools Professional Luxury Set,16,5,7,M0373,M1373
5f7d7ba9-f1aa-42ef-a4dd-421c97a5e633,1/13/2019,1371448,Lace bra,4,1,3,M0374,M1374
54c064d5-a518-468c-9905-adc96192ff52,5/17/2019,564105,FREE SHIP Kylie lip gloss bundle,15,8,4,M0375,M1375
dbac33d8-ac16-481c-9af3-45f6e52656d4,5/1/2019,1237967,"For Jael831 16"""" SECRET EXTENSIONS SET",38,6,7,M0376,M1376
902e45a6-2ea6-405b-918f-0d3f28b3b1f4,1/21/2019,259852,Hot Wheels (Lot of 3),10,6,1,M0377,M1377
4bf51691-900a-416e-8166-d3e2314f4137,1/17/2019,1403937,Michael kors summer sandals,36,9,9,M0378,M1378
8fdc310f-6303-428b-87bb-0c6589cdeb28,1/12/2019,408950,Sale!!Black Floral lace bralette,15,1,8,M0379,M1379
54fcbee3-701c-46be-b12d-694df2245afd,5/23/2019,772770,White House Black Market FREE SHIPPING,10,7,1,M0380,M1380
86a1a578-ca4c-4e55-8786-bf18b5343357,2/26/2019,1246400,Wee block,7,3,6,M0381,M1381
ffdef12f-bfbb-4811-a426-51de6d5c3340,5/5/2019,938467,Black Ops 2,17,6,2,M0382,M1382
b3faec20-7337-4154-89f0-5718d8a9e80e,5/10/2019,59559,Wall Art,13,7,9,M0383,M1383
9aa6f57b-a871-4bcd-baab-51ae5687dff7,6/5/2019,1123476,Nerium Eye serum,44,5,3,M0384,M1384
d7a3350e-1f33-4fee-b2b4-0daf8a56bd26,2/6/2019,584114,Nike basketball sneakers,27,9,6,M0385,M1385
7d3d9dfd-0d79-4b34-9687-a8858a59ab7a,6/7/2019,599562,SDCC Exclusive Red She-Hulk,20,8,9,M0386,M1386
dd86c32e-d851-45c5-80c3-baaf0b038e47,1/10/2019,1201692,Armani exchange men's Jean faded coat sm,31,6,2,M0387,M1387
9347df5c-3b99-44f0-9d27-3968131a4d7f,6/15/2019,249673,He Man figures and accessories,18,4,2,M0388,M1388
64c37e84-c471-4734-abba-cb0394cff09e,5/10/2019,986221,Tommy Hilfiger xl fleece pullover,34,6,3,M0389,M1389
68dda900-50c3-4e84-bc0a-0d01129f5cf9,3/10/2019,684405,FUNKO POP AMAZING SPIDERMAN 2 VAULTED,27,6,7,M0390,M1390
bba55232-99e0-434c-943f-0775dec83368,2/28/2019,1121280,Lululemon pants/capris - size 4,22,5,1,M0391,M1391
57ecfa83-71fd-4c43-934d-e315f671ead4,3/20/2019,843225,Nightmare Before Christmas Photo Frame,18,2,4,M0392,M1392
dacd5657-c2a2-447d-9ef5-e3b29bb390da,1/25/2019,1401605,Red High Top Converse Womens 6 Sequin,20,7,9,M0393,M1393
529b9782-5fb2-471e-b1e3-24c80ca1943b,3/4/2019,547444,SIZE 4 PINK UGGS,40,3,3,M0394,M1394
e0f525ce-62d5-434b-afa3-d8dcc0f45a28,2/20/2019,482091,Steve madden white platform shoes,37,4,2,M0395,M1395
be4a9f87-bbe1-49e5-a632-1a4356249cd7,6/4/2019,1242099,Choker- triple,3,5,9,M0396,M1396
09dc792e-309d-482f-95a9-48fe71c1b2d9,2/8/2019,842804,Lighting palette,28,5,4,M0397,M1397
9b424263-ce96-42c4-824c-c2f92edf23cd,1/29/2019,650857,Beauty bakeries cosmetics,14,7,4,M0398,M1398
4ba3521b-2e21-476b-9925-5624ac5230eb,3/7/2019,576174,Lululemon racer back,24,3,4,M0399,M1399
16e5f7ff-2ede-4ec5-80b3-49f80a15187f,3/10/2019,1371172,Unmasked Batman Funko Pop,18,1,4,M0400,M1400
6d1a3544-edbe-4f3c-ba31-67e6c619a543,6/12/2019,1145704,Personalized hammer for Father's Day,16,1,8,M0401,M1401
61c4a396-c691-43c3-95de-85a1cfca8763,4/21/2019,1019743,Rae Dunn Oval Gobble Serve Platter,46,3,1,M0402,M1402
8fa6b90e-b48d-4b36-8abd-39753689f7b6,5/26/2019,283026,LuLaRoe TC Beta Fish NWT,32,8,5,M0403,M1403
e9ad1601-0bc5-4568-8ef1-880d91e87bfc,6/1/2019,739902,Victoria Secret sweatshirt,22,1,5,M0404,M1404
dc74a534-56f7-4c53-9687-a3a4161eb140,1/31/2019,407408,VANITY ORGANIZER SET OF TWO,32,7,1,M0405,M1405
325a3fef-5b0c-42a7-95c4-e5f3d181affd,3/24/2019,171240,PINK sleep shorts,9,8,5,M0406,M1406
38f50bc6-be78-4af3-bf0b-519b03cf3c32,5/20/2019,885916,Lot of 2 Yankee Candles,24,2,6,M0407,M1407
15af6f3d-7ba2-42a5-9c7f-bb9da338c644,5/3/2019,132720,Coach,9,3,8,M0408,M1408
01091d25-37c5-4171-9719-42971a364d21,5/2/2019,808819,Bundle Katw,21,6,6,M0409,M1409
da55c402-9d79-4004-9aed-29a2b35a024f,1/5/2019,1428053,Welch Allyn Blood Pressure Cuff,26,7,3,M0410,M1410
47cb7036-7fa0-44e9-87cf-82121c6cf9db,5/10/2019,574874,Stila Liquid Lipstick in Caramello,14,4,6,M0411,M1411
4e3d6520-1947-4f3c-8239-194a501f91c7,3/30/2019,876828,American Eagle Fringe Cut Off Jean Short,12,1,5,M0412,M1412
c97d8a9d-47c4-414f-91e9-1d8b9f9bb4b4,5/27/2019,1166741,Lilly Pulitzer ID holder,24,9,6,M0413,M1413
addac9f4-63e0-436e-9611-27d01888370e,1/1/2019,988517,VS Pink Open Back Tshirt XS,14,6,2,M0414,M1414
abc6092c-98ac-405b-8808-9a27f700a656,4/12/2019,622322,Capri Sweatpants,14,6,5,M0415,M1415
5aabfc3a-f96e-44a2-bd13-f7383791d8c0,3/30/2019,1315561,Authentic kat von D highlighter,35,8,9,M0416,M1416
350b9093-39e9-40ab-9b24-2eb19233c2c2,2/23/2019,7341,Ripped Kendall & Kylie Jeans,19,4,1,M0417,M1417
403726dc-a51f-4fe9-956a-27a8a582a664,1/22/2019,409207,3 pound weighted Hula Hoop,18,1,3,M0418,M1418
9d7c44bd-da9b-4fa0-9234-39ab63ffb61a,3/10/2019,1306552,PINK Halloween campus tee,24,9,4,M0419,M1419
65b57796-7750-4003-8cb7-b25e9161195f,4/23/2019,1338942,I phone 7 and 7 plus case,11,9,8,M0420,M1420
edb9fb57-7770-4c98-b2c5-a63cf73e9c12,4/19/2019,941768,CPAP mask,29,6,2,M0421,M1421
a2d9f42c-50cf-4f73-9a46-b9258a32d2ae,6/3/2019,21682,Imagine Cover cloth diaper,9,4,7,M0422,M1422
82537bd5-2a61-4bf5-a004-28430c21c3fd,3/31/2019,411598,Hollister jeans,21,2,1,M0423,M1423
f5f77156-2ffe-4b33-b229-af526244e654,4/30/2019,966035,Halloween ice molds/candy molds,5,5,4,M0424,M1424
8a4e252f-0413-46c4-bd8f-84ffab3757ac,1/12/2019,308307,Tory Burch size 8,59,7,3,M0425,M1425
38252c67-7004-41c6-98ac-b51983d778dd,2/16/2019,177052,NWT YMI Skinny Jeans,11,3,7,M0426,M1426
6b2c38b6-0d0c-4642-b13b-3ea408e5b3a7,3/5/2019,577880,Alexander wang x adidas originals jersey,60,1,5,M0427,M1427
2f3491b7-072c-4774-907d-1cd180d1fdc7,5/9/2019,1444444,Nike Free 4.0 Flyknit,26,8,8,M0428,M1428
19c2d157-0683-48c6-9d06-21c80cb7b1a1,4/2/2019,588359,North Face Rain Jacket,64,4,3,M0429,M1429
19249e1b-74c8-4649-a067-987e3d79ddbe,2/6/2019,611047,(2) Adult Girl Scout Shirts,9,1,5,M0430,M1430
db46d0bc-a047-46c4-bbe1-8f09b858a384,2/27/2019,175047,2 Sets OF NAIR SPA CLAY STRIPS,17,1,3,M0431,M1431
2bc79a37-648d-4500-944e-535feae66fdc,3/29/2019,488060,Women running sneakers size 8,31,2,2,M0432,M1432
f08a31a1-81b1-448a-a3e8-7e416bb57e3e,1/6/2019,1437000,VS PINK hoodie ON HOLD FOR TONYA,25,9,4,M0433,M1433
df0ddec4-15f1-4f82-94fc-70a61f139008,3/20/2019,146855,"Crest 3D Whitestrips, 20 Treatments NEW",30,6,6,M0434,M1434
1b971769-ec17-4f8e-8539-0dadb7d1662b,5/27/2019,554444,VICTORIA Secret Hooded Zip-Sweatshirt,18,9,3,M0435,M1435
0cd0c952-81b7-493d-b9fa-36744ba9f9cf,4/7/2019,750076,VS sports bras,24,9,3,M0436,M1436
111dcbff-c00a-4790-b791-ec700d9b87e6,4/22/2019,160282,Miss Me Jeans,28,2,5,M0437,M1437
5e3e9a5e-0a83-4a35-ab01-59ee19636c91,6/15/2019,393426,Rebel Raiders operation nighthawk wii,9,6,9,M0438,M1438
3229107c-4806-4b5a-a656-e925631f263e,4/23/2019,998870,ERNO LASZLO starter kit,13,8,7,M0439,M1439
2efba358-7c6f-4b57-9930-6cfb2038f2e2,2/5/2019,406277,USPS tracking label stickers 100,4,4,4,M0440,M1440
d650dd36-67b1-433e-b369-afbd5fe09b8b,3/28/2019,425680,Urban Decay Foundation,18,5,1,M0441,M1441
34363a6a-d387-4481-b29f-54b194e0a51e,2/4/2019,59797,Lee Denim Jacket,16,4,4,M0442,M1442
717837f8-1a89-44ab-ba6a-5cd23cb08448,2/21/2019,617693,BEAUTY CREATION POWDER CONTOUR PALETTE,10,9,2,M0443,M1443
bcd839f0-f60e-4224-abd9-5d5cf93aa162,5/2/2019,1204474,Lilly Pulitzer Kini in the Keys XL,49,3,9,M0444,M1444
bf5e3082-cb0b-4844-a560-568ec5b603f7,2/2/2019,1377229,FreeShip 2 Pair Small VS Logo Boyshort,28,3,5,M0445,M1445
c7c36f93-f51f-46ff-b6a7-e0373240b5d3,2/8/2019,782575,PacSun Jeans,19,1,6,M0446,M1446
524ced56-0fe8-42b8-94f2-c42446552bb9,2/8/2019,1294412,Dragon ball Z xenoverse 2,41,1,1,M0447,M1447
2921a5ad-9597-4297-997d-27991e66875b,3/10/2019,1374737,Buyer Bundle,25,5,9,M0448,M1448
6b02c4de-754d-4d1b-9c52-3a585b6d5911,4/3/2019,1462675,Xl swim trunks,5,5,7,M0449,M1449
21139dbe-025f-4363-af40-d6cde91e1750,2/3/2019,195139,FREE SHIP S PINK LATEX WAIST TRAINER,22,4,7,M0450,M1450
71131fb5-82d9-4bb5-bca2-ea90b162b448,5/15/2019,1078228,Pink anorak,34,1,9,M0451,M1451
46a01469-d8a8-45d5-bce3-47e11d08b5c2,2/22/2019,933755,Coach cross body bag!,20,5,6,M0452,M1452
19081e78-62f5-44ed-8bf5-07d7569720e7,2/23/2019,512843,Harley ring stainless steel,16,4,8,M0453,M1453
bbd87075-e3b4-4e17-a7a7-19f0ffee0292,2/7/2019,1384861,MenRenergy 3D-Lifting/Anti-Wrinkle Cream,28,6,8,M0454,M1454
6130e263-880b-4c05-9654-bcfa5d14f882,1/28/2019,845345,Huge bundle of 13 mens dress shirts XL,35,5,3,M0455,M1455
bda93cf6-32e4-4077-b26f-ee569121545d,1/28/2019,393863,Organic coconut coffee sugar scrub 12 oz,12,9,1,M0456,M1456
b96be580-cc1b-48e6-9096-fbe94e8e7c05,5/30/2019,1179144,Victoria's Secret Strappy Sport Bra M,16,3,9,M0457,M1457
32d93028-41c8-484e-84e7-e62e2d31bef5,1/29/2019,47176,Shaving bundle,10,5,5,M0458,M1458
b452d087-46d5-44d4-a9c1-d545df20b04e,1/29/2019,1221967,High Waisted Levi cutoffs,19,2,8,M0459,M1459
1b35aed7-f87e-49bb-85ca-5927e31ac983,3/16/2019,370136,Household Bundle A&H & Scott,37,8,7,M0460,M1460
945161fe-a8f4-47ba-8ceb-8c7615967b3f,6/14/2019,420676,12v heated travel throw,18,4,7,M0461,M1461
ea8cf569-7532-4c82-86b7-81a7ac2ce4e3,4/20/2019,1116223,Saunders NCLEX study book for RN exam,20,2,9,M0462,M1462
1e0c58fa-28b5-4d0e-a845-b3f91b75a9c2,4/7/2019,456152,Kate Somerville DermalQuench Retinol,48,2,7,M0463,M1463
d984a24e-3c39-4045-ad19-ebfce9ea9bd1,5/13/2019,351838,Wireless Bluetooth headphone headset,12,2,4,M0464,M1464
67886491-f7dd-4487-8d13-1a8350e34291,6/2/2019,1024822,Ceramics,7,7,5,M0465,M1465
2053d58a-2cfe-46ca-bf97-2a44bec550ce,4/28/2019,828633,Ugg Mocs,21,7,4,M0466,M1466
f0f740f9-75ff-4123-9408-21bcb3504338,5/22/2019,834865,Empty MK shoe boxes,11,1,4,M0467,M1467
0eb46edd-71c2-4c30-a537-8afb7ce72c73,3/30/2019,1265093,Gem and the holograms compact mirror,12,9,6,M0468,M1468
0a925a03-8fc2-4c99-97d4-41c482089804,4/19/2019,642599,capri size 3,14,5,5,M0469,M1469
06df63a1-2335-451d-a64b-ad324d84b8cd,5/29/2019,1196811,Apple Watch Purple Sports Band (38mm),7,5,8,M0470,M1470
7fb789f8-d760-4eee-a3ea-b1d618466dee,1/12/2019,454386,2 BLACK 2 NEHA BROWN HENNA FILLED CONES,10,8,6,M0471,M1471
05a4f610-9d62-407e-a197-eb572ec9688c,3/9/2019,1204132,Lularoe Fall Leggings,35,5,5,M0472,M1472
34ef1bb9-1a1c-493a-ad4d-1dbe5da520b0,1/21/2019,493921,Juicy couture distressed jean shorts 6,10,9,5,M0473,M1473
e3c116a3-c42e-46b5-a467-c60d819a542a,3/13/2019,1174679,Star Wars Yoda Floral Vans Size 11,20,4,6,M0474,M1474
57cbcf1b-0d0c-46fd-bbfa-94f3cff75e76,2/7/2019,856130,One 2 oz AFRICAN BLACK SOAP LIQUID,5,6,2,M0475,M1475
d21e3459-707e-4afc-bf09-7a88552a9f81,3/31/2019,892038,Lularoe os camo,20,3,5,M0476,M1476
6df339f3-ca44-4915-a9eb-ecf2347257c3,5/21/2019,771119,Lipsense collection,50,1,9,M0477,M1477
68e28a63-cc0b-461e-9034-e84b48f9f3fc,5/19/2019,507315,Bundle for Halli.s,16,5,1,M0478,M1478
9d69d2c8-17d8-4a2d-bdb0-0a8d27ead56b,1/26/2019,661555,Old navy white jeans,22,3,1,M0479,M1479
d011bf1d-437a-4734-a967-2be519fd539c,1/21/2019,1122242,Eau So Sexy Victoria's Secret Mist New!,10,3,8,M0480,M1480
33bb2cc5-0436-40a4-808e-8e02fdec41f8,4/5/2019,367806,Five Nights at Freddy's Toss Backpack,35,3,4,M0481,M1481
e134dccb-a7c1-4aaa-a73f-783983bda64d,2/16/2019,678345,Lilly Pulitzer chambray shirtdress,28,6,8,M0482,M1482
0cc63c41-229e-43f2-acf9-954935e81780,5/4/2019,403661,Set of 3 candles,18,1,6,M0483,M1483
6f3321d2-2ee5-46b1-9b43-ac1a509d91bc,1/21/2019,123644,Studio makeup on the go palette,17,9,3,M0484,M1484
064e74b7-bea2-4ac9-bb97-96940e098869,4/6/2019,1224842,PSP Movie,7,6,2,M0485,M1485
8d60aa1f-d1b5-4cdd-802c-5b8ad76b7e45,3/3/2019,1135694,Like New! Crosswords Nintendo DS Game,5,8,7,M0486,M1486
1ec24f78-1ff4-421e-9941-dfc983ea24ab,4/4/2019,1064304,Kate Spade wallet,54,5,2,M0487,M1487
99cf87a8-1932-4add-8578-78afc0c6e438,6/4/2019,515288,2??Popso ckets Iphone/Samsung/Ipad/Tablet,11,5,2,M0488,M1488
7ce0bf0a-de55-453e-9908-fea83c176b8e,4/16/2019,19646,Sexy Deep V Satin Dress,16,7,8,M0489,M1489
1d0e43a3-2f5f-4c5a-8f4c-feb3659030f1,2/14/2019,35822,Saved bogo1/2 tshirt bundle,13,1,1,M0490,M1490
62b32470-e4ca-41fb-8497-6a296c020c99,3/4/2019,388473,Black and White Romper- FREE SHIPPING,15,4,6,M0491,M1491
4a3051a9-73eb-43b0-8615-a003acc9d4b8,1/14/2019,80501,FREE SHIP PSP Final Fantasy Bundle,20,2,9,M0492,M1492
38886334-88db-47c4-ad44-7dd6d473d187,1/31/2019,155245,Swimsuit,8,1,6,M0493,M1493
4cdc692f-edd5-40cd-b1a2-85117774c9d9,3/14/2019,1231306,Willie Nelson bleached tshirt,15,5,3,M0494,M1494
e0b90f44-417d-4844-bf51-21b573c15a2b,1/21/2019,215479,Samsung Galaxy S5 Unlocked ATT(SM-G900A),146,7,2,M0495,M1495
21d7c983-28c4-4a9e-8a4a-547e833366b9,3/7/2019,1086347,Denim converse,18,8,4,M0496,M1496
0bdd3931-ab1d-4e12-9c95-ee7e1ff75ce1,3/21/2019,111723,Women's Crisscross Sports Yoga Suit,17,6,8,M0497,M1497
b5651dc9-0ad2-4940-b891-1145619ec597,5/27/2019,854823,Downy Unstopables,22,4,8,M0498,M1498
be36e1eb-8e5b-4257-83ef-6720d36564ee,6/14/2019,583786,Cotton Lilly Pulitzer dress,38,7,2,M0499,M1499
f14de413-cd46-4106-8176-37dafe30e993,2/27/2019,420092,OS Midnight Roses Leggings (3-12/14),16,9,5,M0500,M1500
418ee628-51ca-4bec-930a-d1f0b48b7cb8,3/13/2019,666353,Women's boho clothing bundle L,23,3,7,M0501,M1501
9e4be0e5-e9b8-4bde-a7ca-9ed7c58d7191,5/17/2019,74564,Kipling El Dorado Shoulder/Crossbody bag,26,8,1,M0502,M1502
2a54196d-9433-4873-b35b-d2edab963d04,4/6/2019,1102913,PREMIUM BEARD BALM,14,9,5,M0503,M1503
838b37e1-7d7c-4f45-b8a0-331d234b9341,1/7/2019,433499,Sony PSP Power Adapter PSP-100,9,9,8,M0504,M1504
4d7cb2d2-2239-42d5-9bae-812078b9201d,4/2/2019,464982,18-24 month lot,21,1,2,M0505,M1505
b32ff319-5a6f-4678-a0fe-0c7b9626eb85,4/29/2019,1451117,Women's UGG slippers size 7,16,7,5,M0506,M1506
f2b97aa9-a526-4b4c-bc3c-3720c1dc65f6,5/15/2019,593337,Xbox One,159,3,5,M0507,M1507
3e089544-ac5f-4eac-892c-f561e7770a36,4/10/2019,1300300,PS3 console with games,84,2,4,M0508,M1508
a51bae5b-3721-4f58-bd08-bff7d82e70ba,1/2/2019,836147,Old Navy Pixie Pants with Fish,13,4,8,M0509,M1509
13b625a0-fb76-4e9a-90fd-2772de0e2f03,1/4/2019,1016845,Merlin's Treasure Bundle,15,5,7,M0510,M1510
a591cc74-1009-496e-b79f-8189768380f1,6/15/2019,988118,Lularoe maxi skirt,42,7,8,M0511,M1511
d55bd416-8799-4e06-8b28-21ab3f457e33,1/12/2019,601544,Polo Ralph Lauren L polo shirt,18,2,2,M0512,M1512
14bca157-a9a9-4a10-810b-fb85b7495f56,5/26/2019,636800,Kylie Matte Liquid Lipstick Dolce K,6,8,4,M0513,M1513
e704bf72-d554-4611-947d-3997e9afb7ca,5/2/2019,1009411,Free shipping iron on patch-white rose,4,8,6,M0514,M1514
322be331-b73b-457d-b88e-60f98d025866,4/9/2019,764019,Kate spade black spade necklace,22,4,7,M0515,M1515
669c247c-5a22-4afb-9986-4a73936c8b4d,2/21/2019,1317005,Game Boy Color,34,5,4,M0516,M1516
15a8d034-75d2-4a39-831b-32c9cd3ccb61,5/11/2019,157603,Victoria secret wedding bra,20,5,1,M0517,M1517
c963a82a-9558-4d99-bfb8-5ab36da4e92b,5/20/2019,776256,Foam Posite size 10 toddler,28,3,8,M0518,M1518
d65bad23-401c-4872-919a-bb509479eda5,1/22/2019,605716,Adidas original superstar. Womans size 6,56,5,5,M0519,M1519
fa24ce7d-1019-4d35-8494-a9cccc760334,2/12/2019,70156,Baby uggs 2/3,16,4,2,M0520,M1520
a26f6e73-59bb-4cfb-939c-96ca318e4f42,2/3/2019,1068508,NIB UD All Nighter 2 for [rm] FREE SHIP,20,4,5,M0521,M1521
db010460-e6ef-40d4-9111-3b3bce655f49,6/4/2019,954585,Battletoads complete nintendo nes,69,2,2,M0522,M1522
2c641a39-3d66-4307-a868-16ca896f98eb,4/25/2019,1076132,bundle,17,5,6,M0523,M1523
9b544336-e79d-470c-afff-b333ff26442d,2/24/2019,418374,!!WEEKEND SALE!! 10 PAIRS FALSIES,14,1,4,M0524,M1524
c980ba2c-827e-4569-a198-4bf3819fc79d,4/2/2019,1285731,Wow couture bandage dress,20,7,8,M0525,M1525
d0ad43d9-4057-47cd-bd28-579dd6980a25,2/15/2019,859567,Hollister hoodie lot,21,1,5,M0526,M1526
1366d38c-8257-4822-8720-6152eb54ba8b,3/9/2019,139691,keds white shoe,24,5,4,M0527,M1527
3018762f-f419-48c8-83dc-f2dab4773926,5/11/2019,955003,Cricut Chalkboard Fonts Cartridge,14,1,9,M0528,M1528
48ba9682-7991-4067-bf89-efd7a013979a,6/8/2019,1262343,Lilly Pulitzer Maxi Dress,25,8,3,M0529,M1529
7557ffb7-d066-41ea-a4c2-e065986fb3ee,5/24/2019,729575,It cosmetics cc foundation in Fair,22,3,8,M0530,M1530
19f00345-8ead-424d-a037-83bc8ee6a4c2,2/20/2019,768937,Iron Throne Funko POP Exclusive bundle,75,2,5,M0531,M1531
e6bc4cc8-adba-48a7-82cf-3af51b5bac9f,6/3/2019,191274,Gap Pink Cowl Neck Sweatshirt,14,9,5,M0532,M1532
1af0a17e-3fe0-4af1-aa12-6e49ae5a4023,4/26/2019,274316,Nike Shox,25,9,3,M0533,M1533
b3f3ad59-4c82-4dce-888f-7e0531f2b205,3/30/2019,1324086,VS PINK longhorn sweatshirt,22,7,8,M0534,M1534
efb78f61-2213-456e-acab-683ddd8f4be2,4/15/2019,1467495,Medium VS Angel lounge pants,11,7,6,M0535,M1535
c0ee1034-56ce-4ade-a526-4f83c2a80750,4/18/2019,1463932,Lilly Pulitzer Flamingo Pillow,36,5,3,M0536,M1536
f47ae4d6-8c1d-425d-b890-c4b346740217,2/7/2019,984454,NWT plaid FAELYN dress,23,1,9,M0537,M1537
1ac71f54-1236-43ed-b58e-6525a7ed9315,3/31/2019,1018817,BareMinerals Double Sided Brush,10,8,3,M0538,M1538
118f6a41-c209-403e-abce-6d3d98540f8b,4/22/2019,877215,Tv Wall mount fullmotion swivel tilt new,22,7,7,M0539,M1539
fa48bcf1-11a0-470b-a399-c91797067511,3/1/2019,925396,Dead or alive 5 ps vita,20,6,4,M0540,M1540
ae56401c-d763-42a2-b728-4c42766c86a2,4/25/2019,1134847,Nwot black sweater,10,4,8,M0541,M1541
cd452de2-c00a-4dd8-beb9-3d9866c92145,5/13/2019,1013357,RAE DUNN,18,7,4,M0542,M1542
8685571d-bb45-425b-9445-9836afd26bf4,4/24/2019,979413,Victoria's secret tote,12,7,8,M0543,M1543
93970098-f895-4122-8180-dff9cdf78263,5/12/2019,1061000,Pearl Earrings,5,4,7,M0544,M1544
c68d8821-deb4-4cf3-9e14-33a20869d4ed,1/26/2019,1353416,Samsung MicroSD Card 64GB Free Shipping,20,7,4,M0545,M1545
8c1e66b4-abcb-49ba-b6b0-b00009702417,5/18/2019,380184,Black bra vs,22,6,2,M0546,M1546
cda283ec-06c7-471d-b8f2-97f99e953105,3/25/2019,819396,Victoria's Secret Brown Lace Bra,27,9,2,M0547,M1547
c26d9910-a3d1-47fe-82de-6bc8649b9c58,2/17/2019,1351863,Circuit Breaker Bra,29,9,5,M0548,M1548
dc7312ad-0448-472b-b611-b518a47ae18e,1/30/2019,269905,Younique Cream Shadows,44,6,7,M0549,M1549
e850d428-5d4e-4ff0-b56b-9db9186da001,2/25/2019,366519,Activated Charcoal - Teeth Whitening,6,6,4,M0550,M1550
57a43f5b-8426-40a8-9147-f00d696f2ec1,3/15/2019,1416621,Ocean blue anklet/read description,6,4,8,M0551,M1551
d1e9073b-1c4f-44cb-89f9-9be2b7bd4125,3/30/2019,914086,VS panties,34,1,9,M0552,M1552
db5e1d2a-bcb6-456c-a35a-408d614bb760,2/17/2019,617014,TC legging,14,3,9,M0553,M1553
31268dd3-a3b9-4358-aca1-d74740a15611,4/5/2019,833897,Men classic fashions XL sweater,7,8,8,M0554,M1554
970abd94-a949-40cf-9098-b46b898df1a5,1/2/2019,740549,Rose Gold Oval Brush Set,16,9,5,M0555,M1555
4e4f8b62-6046-4e8e-982e-1ee475ccf1ae,4/8/2019,640073,Hair extension. Wig on hold,10,7,1,M0556,M1556
8c5037cc-38f2-4dcb-82a9-9c0fef3508c8,1/26/2019,679753,Effective Deep Pore Charcoal Cleanser,18,5,5,M0557,M1557
b391baca-6305-47e4-b941-01751d3acedc,6/6/2019,98484,Vs pink shirt,12,4,9,M0558,M1558
3d5e6df1-5ff7-48ab-9037-9757bd419c7c,4/20/2019,988747,Michael Kors dust bag,10,1,5,M0559,M1559
8ec6fafd-7e72-453f-a73d-ac5207c687c0,2/5/2019,263932,NWT H&m shorts *free ship*,12,6,3,M0560,M1560
f04f524d-f7ca-493d-992a-69946394d021,3/30/2019,700329,White body suit,5,8,2,M0561,M1561
2dad079d-3a71-48dc-96c1-9ee388e975e7,5/28/2019,866513,Lularoe Large Baseball Irma,100,7,6,M0562,M1562
baed3722-3742-4299-a94e-0bd5737c8611,6/8/2019,1126853,14K GOLD PLATED GRILLZ TOP & BOTTOM,16,8,1,M0563,M1563
7bf2ea2c-a66d-4e8f-8d39-63fa83c27298,1/24/2019,497414,Fitbit Alta,44,6,5,M0564,M1564
50c47d69-8b4e-48b3-809d-316339fdfc73,4/14/2019,47266,2 PAIR OF NIKE NEW FOR Rlevy ONLY,158,9,2,M0565,M1565
b8a8205e-6447-43ab-b0b0-9bfc5067374c,1/8/2019,605594,??? Jogger Pants Size 7 Kids???,10,8,2,M0566,M1566
16034c53-30f4-4d98-a18b-bed4d2e8dd0e,1/6/2019,1360474,Rainbow lipgloss,3,6,3,M0567,M1567
0d262b1d-3334-4811-b38a-0ed23c81d836,1/28/2019,170984,Athletic Soybu Open Back Shirt,24,7,8,M0568,M1568
18a29602-c6cc-479c-b03f-6e57610e5e9c,5/24/2019,905480,Vintage Comic Book Collection,25,9,1,M0569,M1569
a4fbedc2-c40f-4460-afdd-e1e149a311b5,3/25/2019,357280,Hot Pink XS Lularoe Cassie Skirt,17,5,8,M0570,M1570
fada5ca8-0404-4560-8c89-e1b5cb01ea41,3/19/2019,1223810,Acrylic powders lowest price!!,38,9,6,M0571,M1571
041595d9-8af9-46f7-93d6-73bf0110eb7f,3/16/2019,208062,Vintage Highlighter,10,6,1,M0572,M1572
596f97cb-432a-48ed-bae9-ea0aa1057b92,1/5/2019,449769,Grey knit sweater,14,2,8,M0573,M1573
c5cc394d-a31e-42a9-a6cf-8333a391d7c7,4/30/2019,1446247,Secret life of pets BLU RAY movie,11,7,4,M0574,M1574
124b2e3b-36db-4a65-affb-39617f69a139,3/12/2019,969893,Pink Converse Size 9,31,2,6,M0575,M1575
4ddab80b-1c90-40f3-b8a8-59012cd4c878,3/7/2019,478811,Daddy's co-pilot Set,14,1,2,M0576,M1576
4fe2cbf6-9deb-4f50-8091-64b1c5aac664,1/29/2019,347790,Power beats 2 wireless BOX,14,8,4,M0577,M1577
a9887308-e798-49ae-9720-c12d4e13021e,3/21/2019,382494,NEW! 5 Pair of false EyeLashes,5,9,4,M0578,M1578
f6946226-a07c-41b0-b23f-c220a2c0e6b9,1/7/2019,896466,Sirius satellite radio,21,3,2,M0579,M1579
767bc166-2ad2-4663-a4d2-56b6fc7e39dc,4/2/2019,592639,Bluetooth headset,16,3,9,M0580,M1580
e670d2b8-5169-4ac5-8b76-78c5fb9115cd,4/5/2019,1463109,2 shirts 1 green bag,15,1,6,M0581,M1581
8614ac89-31af-444e-bb8c-a22593515f3d,4/26/2019,23523,Space jams,116,3,6,M0582,M1582
286d663e-973c-4513-b6a3-f16c846b15ea,1/15/2019,441933,Lularoe Maxi skirt,18,4,3,M0583,M1583
03c2716f-7d28-4e12-904f-a501ff638015,3/4/2019,960573,NWT vs pink maroon stadium mock neck,44,1,2,M0584,M1584
44ebcc6e-9f56-46bb-a8f9-a21c478f2b69,4/10/2019,235385,Snorlax Hat,28,6,5,M0585,M1585
34ac6315-7cc5-4c61-9f9a-cb81879b5585,3/30/2019,851535,VS PINK GYM DUFFLE BAG NWTS,31,5,5,M0586,M1586
73511969-6d36-47a4-b4cf-d577f34f3390,3/5/2019,1340948,Shoe organizer ???,32,9,1,M0587,M1587
e18b1fed-5851-41fb-afe6-5d9e69d53099,5/11/2019,11248,Marily Monroe Bed Set,39,8,6,M0588,M1588
9742bc25-16fd-430e-983f-52177ce184d9,4/21/2019,777716,Simply Southern long sleeve size S,12,4,5,M0589,M1589
445892f3-eb3b-4b01-9fac-958617790250,5/22/2019,528049,American Eagle quilted vest,14,2,6,M0590,M1590
890ccd83-6313-420e-afba-bd33878b132f,5/15/2019,152415,Vera Bradley Weekender Tutti Frutti,56,3,8,M0591,M1591
4f237cd0-136e-42fb-84f5-4d4c128238e1,3/7/2019,920696,Apple remote,13,5,7,M0592,M1592
1475c71c-19cc-4628-828f-9f24c7af4c71,1/5/2019,38320,Nike,31,9,8,M0593,M1593
171e736d-1b87-4739-ba28-eba2622be2f0,3/23/2019,1370,Nwt Urban Decay peep hole Sweater Nwt,7,5,9,M0594,M1594
cca82a51-4044-49b3-9bb8-18921c5f73ec,2/14/2019,828037,Resident Evil 4 Gamecube,12,1,7,M0595,M1595
191a0062-9cc8-4d89-87b8-44deaf44d430,2/2/2019,1274380,"Y448, Y124red And Y519",22,6,5,M0596,M1596
f959cc70-8f25-4e0f-a0c8-c01b2ca2d4e8,5/14/2019,262299,NWT Burberry Baby Boy 6 Months Tshirt,29,9,6,M0597,M1597
a30d722a-1855-4b77-a6cf-48943cc97bcf,3/30/2019,599847,CLEARANCE Adidas FREE Ship Messi Tee,25,4,4,M0598,M1598
613eb1ad-bb62-4341-89a3-563586f504b7,5/2/2019,1301440,Michael kors rain boots,59,4,9,M0599,M1599
8678088a-dc43-487d-ba94-2229a5ba5d7b,6/2/2019,1430179,Rae Dunn believe mug,16,8,1,M0600,M1600
9015e504-9dcc-4770-b360-e1695d8f0c84,5/17/2019,1097855,Yankees Infant Jersey Sz 6-9 Mo,14,8,9,M0601,M1601
e18a2663-4490-416a-91d7-ee44b7d08e89,1/27/2019,962292,9 12.4 oz cans of Gerber Goodstart Soy,84,2,3,M0602,M1602
d9b1e4fd-149e-467d-a382-e776fb1ffe88,5/6/2019,175541,Army Pants,11,6,8,M0603,M1603
d6ec4e28-0f23-493b-85d7-46252f6e152d,4/29/2019,1011777,Wunderbrow wunder2 Brunette eyebrows new,10,1,2,M0604,M1604
2107c58b-8d33-4e64-987a-f074a439873d,5/23/2019,800082,Flapper costume,15,7,9,M0605,M1605
be54e9c7-cb1e-432d-b8dd-623861df7249,3/30/2019,1065661,Lightening cable,10,9,4,M0606,M1606
7a5576c7-3c9b-4b79-95fa-603afe3239d6,3/15/2019,703027,Iphone and Android compatible smartwatch,106,4,9,M0607,M1607
08da90b9-1503-4cd9-ba45-172d2668a4d8,1/25/2019,959936,Hold for Edwin,256,7,7,M0608,M1608
c388d799-fd15-4b43-970a-2647b8e9fea0,4/22/2019,286164,"3"""" Blue Dragon heavyduty pocket knife",18,7,1,M0609,M1609
91900415-9fce-410e-80b9-6891dfb67fa2,2/18/2019,1407617,One piece cc swimsuit brand new,31,5,2,M0610,M1610
ba8d0543-3b73-4707-b62e-fed76bf274d9,5/8/2019,548720,Sherri Hill look alike prom dress size 0,204,7,7,M0611,M1611
f60fded1-e91c-4453-aba0-08ffbd00acb8,3/9/2019,932837,Small T-Shirt Dress,16,6,4,M0612,M1612
44dcbad7-8344-4f4c-8875-ffd4cf140a2c,6/14/2019,328380,Dior Capture Totale Eyes Essential Serum,39,5,6,M0613,M1613
35127ccb-4075-4d3f-8749-590e4de28173,2/25/2019,1090458,PINK tank,8,9,9,M0614,M1614
6a32867c-d08b-431c-b41b-5ec8ff514b46,5/9/2019,410225,gigi hill cosmetic bag,7,6,8,M0615,M1615
5b38c54f-3c37-4ed8-8253-c6de8695323e,5/13/2019,1182906,Kiss rock band patch,4,5,8,M0616,M1616
7b853941-ed19-40c4-91ab-3721e80344ce,3/6/2019,11759,Jessica Brennan,10,2,9,M0617,M1617
7dd00736-6129-4582-9ec6-cd763c5392e7,6/14/2019,293691,(5)- Five Star Notebooks College Ruled,29,1,2,M0618,M1618
21b98747-d273-4bfc-890f-15adddcfa4b1,4/16/2019,638536,EUC! LuLaRoe Joy Vest,45,7,3,M0619,M1619
c52eecf9-a3c6-4a53-9c4d-ca4fac431d08,1/29/2019,214475,Weekend Sale FP | Floral Lace Tank Top,29,6,3,M0620,M1620
f5f1fd25-3e9d-4a71-8279-0fcaaf66ba3f,6/9/2019,502322,Philosophy FULL SIZE Purity Cleanser NEW,15,1,3,M0621,M1621
61310044-f747-4494-bee8-0b59efd9f670,5/22/2019,21992,Adidas white tubular Radial men shoes,46,4,7,M0622,M1622
d22701c8-2962-47e2-a0fb-5c7bed14630e,5/20/2019,595250,"BUNDLE GRAY, GREEN AND PURE HAZEL",15,5,2,M0623,M1623
2c416c22-eebc-4623-9c76-0500da58850c,4/27/2019,810858,Polkadot Peplum,10,2,2,M0624,M1624
afb9209a-975b-4e84-8e3e-edea6241781b,1/16/2019,183619,Hotwheels lot (27),16,6,2,M0625,M1625
fe8f8b11-c0f7-4133-8cd2-264513f41b2d,1/24/2019,1385315,Fitbit Flex Black Large Activity Tracker,24,1,6,M0626,M1626
d63f2eff-7bcc-46e0-ab41-1f3cadff63d5,5/11/2019,1233678,Nwt Legend of Zelda socks,5,8,8,M0627,M1627
17063357-4e2e-4fba-bf07-a03ce4f43c1f,2/8/2019,170171,Chalk board and white board,16,2,5,M0628,M1628
808cc373-8ae8-4f43-8f99-1e8029815d56,1/22/2019,1394493,Septum Pincher,14,9,5,M0629,M1629
ad94ad27-0894-4be9-8109-34b9fecb6bce,6/12/2019,2046,Mally Lipstick Pen & Eyeshadow Stick,8,8,3,M0630,M1630
3409cace-d117-45d7-8603-a4b39d08b538,4/3/2019,684641,Pj bundle for Paty,16,5,7,M0631,M1631
00db5b52-d22c-4ddf-8fbe-0c8ce8944e6c,3/30/2019,1045532,Funko Pop Burning Walker TWD Sdcc,15,2,4,M0632,M1632
ee81e15d-2e17-43eb-8ce1-df34ee8c5cb6,3/24/2019,400965,*Bundle for BrandiMarek*Huggies,89,3,2,M0633,M1633
7000e107-b563-4a62-a38e-44984ed58e19,1/17/2019,700380,Bundle for Anniq,50,2,4,M0634,M1634
c2941cbd-1eb0-4f80-9891-6654511525d8,3/17/2019,1218637,Washi Set,9,5,7,M0635,M1635
73ef0513-edb3-4c2d-9fab-edfb9d6718e3,1/25/2019,465618,Dr. Scholls Lightweight Sandals,9,4,3,M0636,M1636
2a63431b-ec45-40cd-9f45-174a80784fb1,2/6/2019,1227904,Men's medium Metallica band shirt,12,5,7,M0637,M1637
f38e28de-ceda-4645-898b-2acc50f9a6b9,2/20/2019,811854,VICTORIA's SECRET Capri length leggings,23,9,3,M0638,M1638
9411ec75-9403-4369-b0dd-8acfb42a29ac,2/24/2019,384618,Lularoe OS Parachutes,30,8,7,M0639,M1639
b5f5113a-c754-485e-a654-fbb473667f77,4/14/2019,356399,Minnetonka fringe boots,26,3,8,M0640,M1640
670213ac-36e9-42f3-adaf-774fdc4f715c,1/8/2019,1317377,Boba 4G baby carrier,46,4,4,M0641,M1641
d4ca556d-c82a-426f-94ed-ddb1f8d5f84d,1/12/2019,896384,Lularoe Tc Digital Huskies,39,3,8,M0642,M1642
a14bd295-5f1b-46fb-977e-b21044410c3b,4/23/2019,1294922,5 Card Chipper Jones 2007 Milestones Lot,5,9,6,M0643,M1643
59963723-5d19-4b00-898d-e3979d7af376,3/19/2019,571703,Hold for Kayy-kilaa,101,3,9,M0644,M1644
3e8f1422-d83e-43ae-ae8e-17f5fa6a27d3,4/4/2019,1312833,Puma fur slides,56,7,1,M0645,M1645
61dedffe-1ec0-4c6f-98cf-3616f7490b51,1/2/2019,867716,Superior Spider-Man Walgreens Exclusive,18,3,6,M0646,M1646
3870e83c-59ed-46d7-9ffe-7f475df49662,5/15/2019,1225409,Vintage Ford Motorsport Windbreaker S,38,3,8,M0647,M1647
a6abcf84-68c8-4e48-b164-fa139b68aa5e,6/9/2019,719737,New red set tattoo choker chain necklace,10,6,2,M0648,M1648
bdf0f15c-05be-4acb-aa83-d88c1fd968d2,1/10/2019,1443472,Nike Shorts Bundle,46,7,2,M0649,M1649
bdf9860a-6ea0-4b38-80b1-bc5794ae5482,2/1/2019,732112,dvd for eva,10,9,5,M0650,M1650
6ee33628-63ac-4f95-bb21-2aac3e8e0b16,3/23/2019,352608,Strappy bikini top,8,8,3,M0651,M1651
9bee6256-766f-4455-986e-3033219a9906,4/23/2019,196183,ADORABLE DISNEY CHARM BRACELET 7.5 inch,14,1,1,M0652,M1652
8c1d5c9f-e003-47f2-88a1-da2964f54daa,3/23/2019,1275010,Zygarde EX Pokemon Card Holo Rare,8,5,8,M0653,M1653
1ac8fc4a-ff62-450f-9f6c-dcaddd081f40,4/16/2019,545544,"Calvin Klein Dress, SZ 6 NWT",21,6,1,M0654,M1654
fbb41d21-ab1a-4cab-890d-f43cd947c147,4/22/2019,1356272,Gray Pink VS lounge pants size medium,9,5,7,M0655,M1655
dbfc31c8-9648-44a1-b68e-6051a8f189fc,1/2/2019,306351,Orange Acid Washed Carly Llr,14,1,8,M0656,M1656
da1d7f43-7dbe-4731-8eb1-29267a15376b,3/20/2019,1327772,Estee Lauder Double Wear Foundation,30,6,5,M0657,M1657
326f5858-5886-4d43-bf32-997eb31c833c,4/19/2019,325845,"Lululemon- about that base tight pant,#4",46,2,8,M0658,M1658
0954f0e3-733c-47ce-84c4-db3cdde8e468,3/12/2019,1105662,NWT VS PINK Bling Campus Tee (free ship),35,4,6,M0659,M1659
f6b19567-3c40-4502-b728-31a1868ca009,1/30/2019,995487,NIKE LONG SLEEVED SHIRT,19,6,5,M0660,M1660
b189ffe9-b4bf-46de-9df3-1fa509bdfd06,1/2/2019,918372,Cute made in Italy Riding Boots,16,1,3,M0661,M1661
1c2a3126-c193-410a-90ed-9c6e417cadf4,1/24/2019,799552,YSL eau de parfum rollerball deluxe 2ml,14,3,7,M0662,M1662
93e91310-9eb5-4216-86e8-f79037436fe1,2/14/2019,720144,McDavid leg sleeves,10,2,6,M0663,M1663
92ff437b-9327-45e8-aead-8fd4d288e635,3/15/2019,614140,Professional Baking,41,5,1,M0664,M1664
889ae87c-1ba2-4518-ad02-1962c3b0628f,3/24/2019,915269,(10) Lululemon slim pants!,40,5,4,M0665,M1665
1c3f5d86-2c74-497e-87c5-2ca5a834a4a6,1/5/2019,710888,Knee High Cognac Boots,26,1,8,M0666,M1666
1964cabd-7106-4c22-a99f-806e57959bb5,6/9/2019,902236,Green Bay Packers charm bracelet,9,2,4,M0667,M1667
67c1a7c2-89d2-4d23-a5e8-35bd5a7ad13b,6/8/2019,1334765,Shea moisture Shampoo Bundle,26,4,8,M0668,M1668
27271668-ecaf-452e-b10b-fe89b1f970c2,6/6/2019,270970,23 piece baby girl clothes bundle,12,9,2,M0669,M1669
cf9b17f3-f7a2-4dd8-b70d-12908609515c,3/12/2019,620141,Bundle VS size M NWT,12,3,7,M0670,M1670
7bbf041e-0229-4a9b-ac14-588d034e62d5,5/25/2019,1440978,Lot of 5 bras,19,9,2,M0671,M1671
e7cf55c7-3d3e-4fa7-85c4-a3fc4db080a6,4/4/2019,1477766,Jordan 10,36,8,3,M0672,M1672
76b30c40-106b-4346-b2b8-033b6ceb098b,4/14/2019,420050,Lularoe Madison small,29,4,1,M0673,M1673
ffe2c26f-bad1-4709-99bf-81f90b2f1601,1/3/2019,572389,Tower of Terror/ Pearl Harbor,14,4,1,M0674,M1674
29b20b8d-5d66-4a37-9da6-56e5c9f981a8,5/19/2019,172439,2PC Super Plush Bath Rug Set New,18,6,4,M0675,M1675
65303d57-b42f-4bb0-9fad-0f1ae0050e78,4/19/2019,1139078,XL/2XL BK butt lifter tummy control,24,4,4,M0676,M1676
4d8ac61b-1ebc-4848-add3-8e5455b72e44,6/3/2019,273904,Steelers 2t windbreaker lined jacket set,15,8,2,M0677,M1677
936eaa5c-8659-4ff8-a58d-226fe00fc44f,2/15/2019,756368,NWT- Criss Cross Tee- Light Green,10,6,7,M0678,M1678
b538694a-06c5-4cef-a38c-4a77b05b87a7,1/11/2019,1205665,Lilly Pulitzer maxi dress,91,5,3,M0679,M1679
289ca3fd-be7c-42e9-ba32-159eded31441,5/27/2019,301986,Custom Set,21,7,2,M0680,M1680
77e40edc-4054-4088-a7a0-4f7ea447b821,6/15/2019,482603,EUC Lularoe hard to find Amelia size XL,45,2,4,M0681,M1681
10f2407b-9fa2-4558-bb0e-ca80a2b4d608,5/4/2019,77472,Tampa Bay Lightning Athletic Sweater XXL,26,8,9,M0682,M1682
e37862ac-ffc5-4aac-be95-a923d6ddd312,3/10/2019,1074806,Nike skateboarding shoes SB Janoski Sz10,16,4,3,M0683,M1683
4419f50d-b442-4184-8884-41df02841e66,4/3/2019,80372,Twisted Metal Small Brawl PlayStation,12,8,9,M0684,M1684
c3e49784-b87b-4e58-9422-074ca1cf9267,2/9/2019,1180325,Too faced bronzer,12,3,2,M0685,M1685
928040f5-e606-498e-b718-350847665967,5/31/2019,175139,Supreme fanny pack shoulder bag,46,8,3,M0686,M1686
7b1f1171-aaf4-4af6-b5e4-ec6087e51a4b,4/10/2019,1247635,Lenox elephant/ holy family treasure box,26,5,3,M0687,M1687
0c005f15-e379-486b-af89-757375e0bf64,1/4/2019,1310619,Brand new gap dress,11,8,3,M0688,M1688
c6cdc668-eda5-4f7f-9048-2cb0f6f5d585,1/12/2019,620711,Littlest pet shop lot of 20,48,7,1,M0689,M1689
66a60011-c223-405d-ad05-193be9b4d635,1/2/2019,644755,Male Casual Shorts (Burnside),20,8,7,M0690,M1690
febe2da1-be70-4758-822e-d3e273751711,3/7/2019,812515,Funny Marajuana Blue Metal Sign,14,9,3,M0691,M1691
be76f143-11c0-43c7-a99f-a3fe40eec77c,2/10/2019,778526,Lularoe Madison,35,1,2,M0692,M1692
80bd192f-7248-4b57-b25a-7776854ad975,2/9/2019,1391862,Womens nike flex experience,25,4,6,M0693,M1693
458e5f82-3f10-48ca-88a6-66bfb67ce86e,2/1/2019,438254,Nike Dri Fit Shirt,10,3,1,M0694,M1694
85278a95-128e-4ab0-ad90-62be333a0438,2/21/2019,1168418,Comfy Soft Flannel,8,5,3,M0695,M1695
c91d6c7e-d2ed-4f64-bfa5-3b4a6ace567f,3/28/2019,1211016,Drawing dress size 5T (super girl),19,7,1,M0696,M1696
02cd2d14-aee0-4923-9fb1-f41f15cdfe29,1/25/2019,906502,Free ship silver stamped 925 ring,10,9,8,M0697,M1697
5c51c07e-77ca-453d-b65a-0b1dc00d7a8f,1/4/2019,940681,Beats Studio Wireless (Bluetooth),135,9,4,M0698,M1698
369793f4-427f-41f7-90bf-8d96001853c0,6/10/2019,316580,40 pcs 6x10 Bubble Mailers Purple,18,5,8,M0699,M1699
7d0ad70d-3484-4b5b-b3bd-0e5f1cf89453,1/4/2019,1088355,Youth Small Under Armour shorts,5,3,2,M0700,M1700
fe17da18-5092-4e2b-ae1e-3b6a5c9ea43a,3/14/2019,1467608,Air Jordans,38,4,1,M0701,M1701
5a4151f1-cbb6-4948-aadc-b706b02a33c4,5/22/2019,27848,Mossimo size 8,12,7,9,M0702,M1702
145aa853-386d-449f-923e-50634d59173d,2/12/2019,1311185,XL Nicole,25,6,1,M0703,M1703
f4c517d1-8eab-4e36-9008-583192311ece,5/31/2019,89709,Gap 6 slim,9,7,4,M0704,M1704
563f8026-5eb0-4a2e-942f-e6c8719b3da8,2/6/2019,937469,Oil Rig / Water Pipe (SALE),25,3,1,M0705,M1705
70267074-9b9c-47c1-adb7-2ac71d1f56c0,5/24/2019,260262,Naruto ultimate ninja storm 4 ps4,36,1,4,M0706,M1706
b3dfec23-6b70-4379-888d-f1aeaa99a0e0,2/27/2019,1199595,vs pink blanket,28,8,1,M0707,M1707
d2e0f093-eb84-4b81-a867-d51f11edaf20,4/28/2019,759997,Rae Dunn let it bloom planters,27,8,7,M0708,M1708
d142ad43-b430-4bdc-950f-c481801f54e3,4/30/2019,275482,Short Red Orange Wig,13,1,6,M0709,M1709
e312a151-1c88-4063-9cb9-8f35aa6bc78b,3/25/2019,1147604,NARS Super Orgasm T\S RESERVED- Linh H,11,7,9,M0710,M1710
ece190aa-881c-4dde-b371-67b886bb9047,4/6/2019,633050,Milani 2 in 1 Foundation Light Beige,11,2,6,M0711,M1711
afd51c42-fd77-473e-9125-19e43fb86347,5/6/2019,227335,TWO pair Swim Trunks,7,5,6,M0712,M1712
fa9ad253-8e78-4c11-989a-06677c781473,2/26/2019,874591,Tank top,7,7,8,M0713,M1713
046de917-411e-4802-a397-ce2a8970d67e,6/12/2019,906333,"39items(Band-Aids,bounce,gain,airwick)",85,8,1,M0714,M1714
d56f2a50-7aee-4471-950e-920837180b36,6/3/2019,778597,The Black Keys Brothers Album CD NEW,25,6,1,M0715,M1715
743b522f-a38b-4471-af4e-4e25aac755bf,3/25/2019,349726,Graphic Tee,9,5,5,M0716,M1716
c766a212-671c-4d40-ae37-13290464af78,3/4/2019,665239,Girls justice shorts size 10,7,4,7,M0717,M1717
032c0569-fc2f-456f-9582-9748b5678ff5,1/31/2019,1429109,Ruizo mp3 player,19,7,3,M0718,M1718
d088c359-4a28-4841-9c1f-6ace0dcb187b,5/23/2019,377697,Farmhouse Wooden Bead Garland,23,2,7,M0719,M1719
00de6bfd-57b2-4203-81c1-0d822cf368cc,3/14/2019,673031,University of Toledo hoodie,9,7,4,M0720,M1720
6ebb8672-0fb8-4284-b5d8-7ae9c7066cce,3/26/2019,1182830,MaryR40,18,2,3,M0721,M1721
839abdbf-92cc-4a3c-b5b4-5acc337c24b9,2/21/2019,701201,3 38/D bras free shipping,20,3,7,M0722,M1722
c21114ca-707f-43da-835d-5ca1748495e7,1/15/2019,1056939,Funko Enchantress Rock Candy + OOB 3 Lot,16,5,8,M0723,M1723
44838c40-a128-4899-8d12-05f8ea50ca23,3/2/2019,564113,Samsung galaxy earphones,4,7,8,M0724,M1724
07785c14-d17b-471d-ba89-0fa27b8b7881,5/28/2019,403905,For Bella Bell,9,4,7,M0725,M1725
a82d9cac-9163-4db6-a151-778802aa5370,6/11/2019,1244038,LULAROE OS WOLVES WOLF DOG,64,3,2,M0726,M1726
adba2ba5-47f3-48ba-a9f7-2a90f36b9371,2/23/2019,747470,Sexy lingerie,8,2,2,M0727,M1727
1823052d-1315-4668-b694-ee03bc2aae72,1/1/2019,926278,Coffee and tea cup rugs,21,9,9,M0728,M1728
81821184-83af-44b5-8eee-7718dcae4b77,6/7/2019,645616,Thermal Underwear,3,2,3,M0729,M1729
bc9a04e5-c19b-45fa-8919-4656defb82ae,3/7/2019,1391108,Black Round Nerd& Black Silver Clubmaste,13,6,8,M0730,M1730
bc0f4cf0-ecf3-4d8d-88a4-7966df98cb86,2/13/2019,482838,Backless Bra C Cup Stick On Reusable,11,3,5,M0731,M1731
6b238b6c-0f41-4a61-9f49-6ff0e5ca8a36,2/24/2019,483381,Miss me jeans,26,5,8,M0732,M1732
00347ad2-f0d1-4cf0-ba8d-5ab0f42391af,1/1/2019,696989,Michael kors Hamilton bag,99,8,2,M0733,M1733
fd3abf17-6a59-4fa2-a173-79c80abb2b50,2/14/2019,838969,Ralph Lauren Corduroy Pants size 6,10,7,7,M0734,M1734
07bd673b-6156-436c-af98-478f0242c74f,3/11/2019,623965,The Amazing Spider-Man #148 (1975),16,9,6,M0735,M1735
7fd9e710-5fa0-42d4-ac16-6f6b658307cf,5/6/2019,1045132,Rice Cooker Small,9,2,5,M0736,M1736
d2841b3e-3b5f-44be-8132-69cf84f8f080,6/7/2019,1357187,Victoria's Secret Bras,19,2,2,M0737,M1737
eaec73c4-91d8-441d-8ec7-a8ba5399d539,1/6/2019,820501,FREE SHIPPING small David Bowie shirt,10,7,3,M0738,M1738
9305f310-14eb-4d9b-9e95-b4970ed34fb4,1/9/2019,233631,Jeans,11,4,3,M0739,M1739
92f6652c-468f-47ec-a2bf-384abb7d124c,3/1/2019,27214,Punk top & chain wallet,16,2,1,M0740,M1740
42dafba8-3dfe-4ef8-864c-d473b5028dbe,6/2/2019,1397048,Endevr Kid's MyID Sport Medical Bracelet,15,7,7,M0741,M1741
e5fc9fb4-cf43-4e10-8313-50aac1a13d1d,5/3/2019,393613,Nike hat lsu,12,8,4,M0742,M1742
66952667-d155-4abb-b056-2ef58f9956f1,5/16/2019,705988,Zara leather bow ankle boots new,71,1,3,M0743,M1743
57ea8a98-3fbf-490b-95e1-8b472bc2a341,3/23/2019,351170,4 pack unisex receiving blankets,19,1,4,M0744,M1744
a51909cf-d369-4951-8c67-f659c5383c80,4/19/2019,622123,Lot of 3 pink shirts Sz m,22,6,9,M0745,M1745
ed7394d7-694d-42f9-955d-cb2321bd22a2,3/17/2019,417052,Giraffe t shirt,14,2,9,M0746,M1746
ed65c63c-01f7-4362-8155-ea6ff09d80f7,2/20/2019,116098,Birkenstocks shoes size 9 men's,11,7,7,M0747,M1747
f403afa4-8d0b-410e-8ae1-2b8873e6a932,3/25/2019,1480266,Jordache Skinny Jeans Size 8,10,5,2,M0748,M1748
d8791142-dc95-48f4-99ef-8e092644cdf4,1/20/2019,1344192,NWT hooded pullover,16,1,2,M0749,M1749
4e563380-eab9-4efe-a698-f3bb7dc05220,4/6/2019,21667,Women's Nike Bundle,31,7,3,M0750,M1750
1f047b92-005c-4991-a929-ef28f27f01f0,3/13/2019,1459465,"Chi Orbit Digital Curling Wand 3/4""""",31,3,5,M0751,M1751
2c5a6e94-5f54-470b-87f7-00250ebda13a,1/18/2019,293815,Shark bath hoody,3,9,4,M0752,M1752
83c56423-c4a0-4157-ab4d-d8421a373da2,4/8/2019,455549,INSTANT SNOW! Just Add Water!,9,8,7,M0753,M1753
e6e7226c-a107-40a5-aae2-4b55312c182a,4/22/2019,1094963,Burberry purple dress size 2t girls,34,7,5,M0754,M1754
b03591e6-db01-4c50-a6ec-b61ddc9e56a8,5/9/2019,836203,Kmd5351 2 Yeti 20 Ounce Ramblers,40,7,5,M0755,M1755
8e5b63f1-fea1-40a2-804a-18867111c101,4/29/2019,1482360,Zara Slim Fit Leggings,16,9,8,M0756,M1756
53b7d9a5-10a1-4e63-946d-b86ccdb8e028,3/5/2019,720429,Snake Ballet and tan Slip-ons,14,4,9,M0757,M1757
ceb8e5bc-984a-4008-a044-81bf50a5d2d2,1/8/2019,992403,Toaster,21,2,9,M0758,M1758
5e1f239e-303e-47ce-af56-585a8571ce13,5/27/2019,1119716,Under amour boot cut pants,24,8,6,M0759,M1759
708e5447-a9f9-47d6-b8dd-403e40d6ce11,3/8/2019,112600,Vs PINK sweater,19,1,6,M0760,M1760
0d1df47b-5815-40de-8b14-124257f4287f,1/24/2019,1283016,"Abercrombie & Fitch Men's Shorts sz 36""""",14,5,2,M0761,M1761
ee4edf73-578b-4e9c-a930-78ec0776a434,3/10/2019,512764,Iphone 5S. Super cheap!!,26,4,1,M0762,M1762
a94d9c2b-2117-4193-93ea-b80f88319cba,4/29/2019,890598,Samsung Galaxy S5 Charger with Adapter,12,2,8,M0763,M1763
4de37e43-f07f-4676-bc5b-70e66a8ad660,2/22/2019,1291947,Medium Lularoe Cassie Skirt,18,2,8,M0764,M1764
c056d1e3-0be3-4619-ae31-9ed728cb4f8e,4/26/2019,374037,Micheal Kors Wallet,24,9,7,M0765,M1765
6a9c1bb6-1b53-4633-864c-729efeb61097,4/25/2019,1045839,Women's XL Capri sweats,9,1,4,M0766,M1766
b3462b73-2c65-47b8-9f41-a8e86a8f8586,1/8/2019,677806,Children's Karate Sparring Gear,26,4,9,M0767,M1767
5390cd60-f603-4526-b72b-dc197ef96e83,6/1/2019,1346746,Medium White Square Glue on Nails,8,8,4,M0768,M1768
e4935761-3345-4b78-9ca8-66d59832b7ec,6/2/2019,382478,Vans,14,5,1,M0769,M1769
bc8def66-d230-469b-9dff-32c931e46835,1/27/2019,34666,Ralph Lauren Black Saffiano Slim Wallet,27,8,3,M0770,M1770
4f3ebcee-0c30-4f05-ba62-718347e6f4ba,2/22/2019,134569,Josh Dunn Polaroid Prints,7,7,8,M0771,M1771
c2abfe15-1359-4a9f-8910-4f5822ffc571,3/16/2019,2761,YRU ballet bae,60,9,7,M0772,M1772
43c72ae4-6bbe-48a1-9c59-70ea4a95cdc3,2/20/2019,198229,4 Earphones For IPhone,15,4,8,M0773,M1773
e1710b8e-f306-4759-8177-b3ad9898cd0d,3/4/2019,925060,Victoria's Secret swim top,19,4,5,M0774,M1774
7fb439de-72f7-405e-b34f-1b7752c6b372,4/25/2019,1251722,Glamglow Supermud full size,35,2,3,M0775,M1775
79f44ccb-0040-4e3b-9291-3885ca4dd5e1,4/13/2019,1290020,VINTAGE NIKE WINDBREAKER,26,7,4,M0776,M1776
16c1d946-4389-42d9-b846-7fcfc1b9f8fd,4/10/2019,1053083,[rm]??????New 30 Yeti Spill Proof Lid,9,3,5,M0777,M1777
58c5a642-059c-40e0-88f3-e4fcc90e13dd,6/5/2019,770142,Skinceuticals booster 55ml x 1,33,1,2,M0778,M1778
ca6046dc-131c-45a9-849c-8ece9055ae8c,3/31/2019,1088834,Fresh Skin Care Bundle,13,7,9,M0779,M1779
e316c432-eae9-4766-9fb4-6b0dccaf7927,5/26/2019,1199672,Anastasia Beverly Hills duo brow powder,12,6,4,M0780,M1780
2e7ac96f-f6c7-42a5-acfc-ea645881213d,5/10/2019,1259654,Michael Kors Jet Set Chain tote leather,139,6,9,M0781,M1781
3c9d760d-86ae-4acd-b76d-ebfbf69f2cac,1/19/2019,1311826,Janie and Jack 2 capris 1 dress,45,9,8,M0782,M1782
624c7e37-93d1-4202-977d-71a010cfb2ce,1/25/2019,331855,Sephora hot hues,4,5,7,M0783,M1783
c76c81b2-dd88-4b77-9864-6c135e305325,1/12/2019,110409,Mk Wallet,31,1,6,M0784,M1784
cd6564b9-dc15-4403-b724-e9dc0e12f910,5/30/2019,1189003,"42"""" new snowman tree skirt",11,4,8,M0785,M1785
999bcc02-dac6-42cf-9d88-cc7e7dcc5305,4/26/2019,671113,Ugly Christmas sweater (M),16,8,4,M0786,M1786
ebbf9ee7-ebf4-4110-8d88-7c0f591faead,2/28/2019,604514,Mens Braided Leather Wrap Bracelet,9,3,9,M0787,M1787
e16d8c52-e31e-499a-b9c1-e2de0b11231f,4/15/2019,1474201,Teavana Tea Set,23,8,9,M0788,M1788
dd9d6d61-ca76-49e3-b7fa-9ef4aa6c2581,1/29/2019,1400252,Bubbly holiday phone case,21,7,3,M0789,M1789
93c10018-9303-4b3e-a98c-c33c6abce05c,1/16/2019,696686,Junior XXL Tank,7,3,1,M0790,M1790
7c9f2547-5dcb-489a-bbcd-cbf2f0b4c18b,4/12/2019,408061,Faith family friends burlap runner,15,5,2,M0791,M1791
808bebde-6353-4cb8-8f30-49e38e6fcdb5,5/23/2019,725379,Black dress on the Right ONLY,21,6,8,M0792,M1792
03ba3924-1f40-43a5-bc83-3555e1d56b1f,5/3/2019,661199,Crop top,9,2,7,M0793,M1793
0e596141-559c-4fba-8892-87fe02080760,5/30/2019,217487,Y17-1: Pink/Gold Camo Aviator Glasses,9,5,4,M0794,M1794
838e6611-9e37-4acd-9094-6070e4ff5a35,4/5/2019,527490,Kate Spade glitterbug Lacey Wallet,85,2,9,M0795,M1795
59b76d4f-e24b-4171-b1a0-abfc6b264fa6,3/30/2019,603216,low white infrared 6,46,9,8,M0796,M1796
046895e0-d93d-4509-b049-389bcca55ab7,2/9/2019,936221,Corduroy Button Skirt,14,6,9,M0797,M1797
5a22d245-d0b6-4cdd-82dc-4514113216a2,1/19/2019,321337,Aquaphor And Newborn Diaper Bundle!!,28,2,2,M0798,M1798
8a417810-54a7-4e48-9d71-3bfef4b37787,2/14/2019,753667,Lularoe tc frames,24,6,9,M0799,M1799
93e0719e-b89a-40db-b8fc-177a02c5d169,2/22/2019,914816,Vs PINK tie up crew,38,2,7,M0800,M1800
08988eff-340c-4530-973f-eac36fab243d,1/18/2019,1329591,Air Jordan 4 retro,70,8,7,M0801,M1801
622a844b-e998-41c4-9ffe-53fe8485fc2b,3/2/2019,1195387,Red gym and French blue Jordan's 9,84,2,3,M0802,M1802
a6bedff8-5c73-4656-876b-dc4fca803181,5/23/2019,227691,Baby Gap Jeans 2T,10,3,7,M0803,M1803
4164387f-69e7-40a7-a820-0acecc528cb6,6/13/2019,521740,**clearance**shorts,10,4,4,M0804,M1804
03097f73-79d4-450f-b23e-d2e9c6d58c9f,1/20/2019,1183714,NWT Free Ship Vera Bradley Tech Backpack,60,6,7,M0805,M1805
8e50245a-2c5d-40ba-9764-45e0d01e6f60,6/5/2019,363517,Peacocks Feathers,12,4,5,M0806,M1806
eb0204a5-050f-4e80-b04f-eeb8a2e756c5,1/25/2019,848630,Lifeproof Waterproof case iPhone 7 Plus,57,2,4,M0807,M1807
21f6994f-d953-4aef-886d-24ca61581c28,3/26/2019,132859,14k gold hoop earrings,60,3,3,M0808,M1808
18c9ebef-4a07-4668-9c1f-dd6f785006d7,1/28/2019,1358408,H&M Boys Size 5-6yr Jeans,9,4,1,M0809,M1809
73567d28-83e7-4f2e-867f-0d76ab4f969c,1/5/2019,829868,Cobble Street Stacy Wallet,34,8,4,M0810,M1810
916c2d19-d726-4f21-a21d-e85c21df5a83,3/29/2019,631633,ON HOLD FOR KAYLAJANE ONLY 925 420,26,3,2,M0811,M1811
06a1f404-c73d-4843-9456-5ca5bf5731d8,3/27/2019,696455,GEORGIA PEACH SPRAY,9,6,1,M0812,M1812
4f3459af-aff9-45af-9954-e0d20bd8b803,4/23/2019,424976,Adidas long sleeve shirt,5,4,4,M0813,M1813
8a927aae-c09b-422e-9b8c-ac22375960aa,5/13/2019,1393113,Waist trainer/small/,12,4,2,M0814,M1814
dd65fcdf-3ab0-4936-94de-5261d9c41595,5/1/2019,435517,Rebook Crossfit nano 5 Sz 8,54,1,2,M0815,M1815
314d9fcc-b5f3-4e5a-8cfb-b1b3621f4951,4/25/2019,1153601,LuLaRoe Medium Purple Julia NWT,32,2,3,M0816,M1816
23a1ea2a-1205-42ce-b3c9-c777dc6208b7,2/17/2019,1250010,FREE SHIP DISNEY PJ SET,8,9,6,M0817,M1817
5e8825b8-8587-4a1e-b4b5-2c3232aaff6d,3/1/2019,1136214,Sony 8gb Memory Card,8,5,1,M0818,M1818
78d7846b-0d9e-4327-9c75-ed518e56279a,1/25/2019,1327921,Mary Kay Endless Performance,5,6,2,M0819,M1819
1b1999d8-f366-4e69-b005-cad9eb312075,2/27/2019,266311,5 for [rm] faux nose ring body jewelry 22g,3,3,5,M0820,M1820
e72c9627-1a78-43b6-86ae-1704bf8a4d0b,4/17/2019,517369,95 piece notes in a pill,13,6,9,M0821,M1821
84cd686f-36df-477e-b934-3dc8be3f3136,5/4/2019,847567,Express reversible Barcelona cami,19,9,8,M0822,M1822
a05988a4-b037-4c28-a37a-065f121a57fa,3/28/2019,1291440,Disney Toy Story Woody Buzz Alien Dino,26,6,5,M0823,M1823
cb1d582b-c352-4411-84d1-6c83d63121eb,2/11/2019,424852,American eagle shirt,7,5,4,M0824,M1824
94380195-f008-4eb2-9da4-4528c505a606,2/23/2019,65277,NEW! Luxie 522 Highlight brush,15,3,5,M0825,M1825
881cf36a-986b-4698-8007-a7ff59e81f28,5/17/2019,132437,[rm] and free shipping ON HOLD,15,7,2,M0826,M1826
0ca7d17a-0407-4f86-b8eb-0c51eb74b9a9,6/8/2019,365778,MAC SELENA BRONZER/BLUSH,29,1,4,M0827,M1827
1d2fdff5-709e-42d5-8a2f-994be4fac381,5/23/2019,351244,Perfectly posh (hold),60,9,2,M0828,M1828
34f86563-b74f-42b4-b6f5-ab1b174a9193,4/11/2019,216136,iPhone 6s Plus Case,12,7,4,M0829,M1829
6aef57b8-b31d-438c-afb6-fedd10a77f8c,3/5/2019,650979,Brandy Melville and tshirt bundle,12,4,4,M0830,M1830
75117f83-96b9-4ee0-a2b6-d5bb8946d3b4,5/5/2019,245975,Pony Effect Color Correcting Palette,32,8,7,M0831,M1831
904f97d3-f799-4487-99cc-2b29a31444b1,4/8/2019,1299369,Nike Air Force 1s,42,6,9,M0832,M1832
575a2885-c7b5-4d59-8d00-c3036569a065,1/27/2019,967944,Iwako Eraser Set - Airplane Helicopter,3,7,1,M0833,M1833
97405e40-727f-474b-8a0d-a544680adec3,4/15/2019,962524,Lularoe Large Patrick,20,5,4,M0834,M1834
887401c3-888a-4cd8-b837-48e138302b6b,3/25/2019,331721,Rae Dunn Mug,18,8,6,M0835,M1835
ad4c5f52-d5b8-45ad-9e18-5e538ad93629,5/19/2019,1363921,Michael Kors Large Dee Dee NWT,208,3,5,M0836,M1836
b902f08d-5345-4f9f-a128-4cbc48a2fdb7,4/5/2019,814942,Camo Purse w/Matching Wallet,45,5,7,M0837,M1837
cd2fbe4f-bba1-4e50-9c71-37b8fa6c7d86,3/30/2019,1400661,Jordan's from 2008 release,76,8,5,M0838,M1838
c4547c89-5203-4335-a835-198d8820709e,4/10/2019,860743,Lularoe mustache outfit,91,6,2,M0839,M1839
eaa496e8-f3b9-456e-92d7-226c7b219110,1/3/2019,170124,Team rocket bundle,10,2,9,M0840,M1840
04d159c7-7fd2-47ff-a65a-6e45dfb0f91e,1/11/2019,1052220,green tumblr stickers,3,6,8,M0841,M1841
8171b8a9-93b9-417f-9848-75ab8a294161,4/19/2019,359596,NEW in Box Carli Bybel Palette,16,2,5,M0842,M1842
37b95b07-cb09-422c-9e42-7a619329ce80,2/24/2019,1167977,Costume Turkey Leg Headband,7,4,4,M0843,M1843
4c5a617b-1424-49e7-be7e-be95fc602bb4,1/22/2019,889915,Yoga pants,10,3,3,M0844,M1844
a593e961-ff01-4d00-babd-cfaf125519ad,2/6/2019,1062247,Mustang seat belt made into a belt.,12,9,5,M0845,M1845
da8a6bcb-7b9f-4578-88fb-16b2e726e5eb,3/18/2019,1042870,Romper,16,1,7,M0846,M1846
f065cd42-85ea-43e0-9242-8605f7544d09,2/18/2019,574991,TIDE BUNDLE #4,18,5,6,M0847,M1847
8612603c-e7bd-42f8-82ea-e2f407919010,3/17/2019,994034,American eagles shoes,20,9,1,M0848,M1848
2cd2f47e-de52-445c-a2ee-83d3cff00121,2/19/2019,1231436,Coach leopard print purse,50,4,7,M0849,M1849
7424e07e-fb00-49c3-aabd-a8d2f5fc1985,1/1/2019,39669,Paris Eiffel Tower Storage Bin,16,8,1,M0850,M1850
62a4247d-3b44-421e-88a0-d747015b012c,5/8/2019,118791,Urban Outfitters Floral Button Down,12,8,1,M0851,M1851
b879495e-cce5-415d-9fc3-f10e36682132,2/26/2019,440995,Johnny Cash Autobiography,5,4,9,M0852,M1852
6c9d3a6d-ec6e-490e-bb00-a9444bb87345,5/23/2019,980456,Deomonia platforms 8 euc,26,7,9,M0853,M1853
6e5d7b97-c93b-4d2c-98be-bffeb508dc88,5/1/2019,1249092,NWOT Xhileration cream tribal Romper,22,8,6,M0854,M1854
63bfdecf-f1c5-4ecc-8cf0-bd6bd6225b2b,1/14/2019,1172315,Skin Care Basics,10,7,1,M0855,M1855
2f5e9204-4c4f-49a3-a8f6-0d8dca87ef66,2/21/2019,654335,Becca Jaclyn Hill face palette,51,6,9,M0856,M1856
134b2f47-78c5-40d6-8f9a-496849e93e38,3/13/2019,1305959,4 men's t-shirt size XL,15,6,4,M0857,M1857
84389fc7-daad-4187-9539-1d967728c892,3/25/2019,759595,XL COLUMBIA SNOW PANTS (full zip),19,8,6,M0858,M1858
476a92f8-6368-4246-bd10-558fec14ccf0,5/16/2019,23653,VS PINK Beach Shorts XS Preowned,10,4,5,M0859,M1859
9e657fa3-071b-48d4-98cb-72cdee91938b,3/27/2019,830694,D/DD bikini top,5,5,1,M0860,M1860
d5d8f5e8-327c-4c2f-a3ee-6d3e177859f4,2/24/2019,1355141,RED CONVERSE,23,7,2,M0861,M1861
e2bff250-5dfc-4794-9229-29f81adfe987,2/1/2019,120311,NWT BGBG Merlot Quilted purse Bag,40,9,8,M0862,M1862
0d0346c6-4aaa-4f5d-bbbc-6034eb835281,3/13/2019,755219,Cute girls shoe,10,5,6,M0863,M1863
4dcec5ab-314e-4285-aea6-a60f80fdc06c,4/12/2019,633711,Vanilla Beach One Piece Swimsuit,17,5,1,M0864,M1864
b8ffa068-50b0-4458-a3ba-60fd654b1876,5/25/2019,983579,7 Thongs bundle size 8,10,9,9,M0865,M1865
2aca1998-e71b-423d-ab3a-ba7d2b7a34eb,2/19/2019,1230857,Glass espresso cups,13,1,7,M0866,M1866
df2f2c2a-65be-4e64-ab17-71a0c060ec1d,3/9/2019,1438839,Keurig k10 mini,49,3,4,M0867,M1867
cddb4a45-187c-4a7b-85cc-d15290ea15db,3/31/2019,1400687,NYX Contour Palette,12,1,2,M0868,M1868
482056af-d251-4ccc-a3d8-41c48a7b0c89,6/7/2019,1309794,iPhone 7 Plus Clear Case,9,1,8,M0869,M1869
b91c9066-5218-42c0-ba35-e5249151461b,6/14/2019,103310,Halloween Costume,14,6,9,M0870,M1870
46367ec6-88c7-4307-b2b4-bb73fe650d9c,3/24/2019,1130189,24 pck stud earrings,4,7,1,M0871,M1871
7b74ae46-b997-4257-8846-b29e3412a119,3/2/2019,161692,31packs crunchy cat treats,28,8,5,M0872,M1872
7a2718cf-81d7-45fe-8e70-865e8d7c53a1,1/26/2019,1360160,Kendra Scott Elton,45,6,7,M0873,M1873
3fd1ad84-0272-4eed-a2c2-736b9803a83c,2/14/2019,642813,NIKE Total core TR tennis shoes,25,2,6,M0874,M1874
3b935ccf-b113-47ee-9252-c2d501cb2376,4/24/2019,478973,Apple iPhone 6 Box,9,5,8,M0875,M1875
4983253f-ad81-4c85-a1a7-9cdac539e1dc,2/12/2019,198395,4 missmayet vs pink bling gym pants,49,3,3,M0876,M1876
fe36dc6c-ac5f-476c-83bb-20b3d3e207a8,6/2/2019,555424,Funko pop Vinyl Cinderella!!,9,1,2,M0877,M1877
e30ee815-3627-4f95-910e-e670d607e2ca,6/5/2019,1170680,Bluetooth Speaker Fidget Spinner,15,8,2,M0878,M1878
a9293125-05a2-4e09-8421-f116e5a669d6,3/25/2019,312970,Custom Listing,43,6,2,M0879,M1879
213ee75d-4eac-4b34-8330-e1cc97e1f502,1/30/2019,662440,Galaxy S7 Active [MagicSky Case],7,5,4,M0880,M1880
99797086-3e46-4310-91e1-8f36e541e944,2/14/2019,1347993,Adult medium UA shirt,10,7,3,M0881,M1881
b1f4b9bb-d743-4035-9d64-6cf07089fcd2,1/13/2019,1396558,James Avery heart toggle necklace,80,7,3,M0882,M1882
f5b9254c-35e4-4aa7-996b-c8d405580426,3/28/2019,924737,Juicy Couture black jacket,20,6,2,M0883,M1883
12235719-c20e-4631-b2a0-fbf68967ed0f,2/4/2019,1429947,NIKE HUARACHES,31,1,2,M0884,M1884
22ef70c8-73a6-4e56-a478-6556dcb6b51f,2/9/2019,328433,Disney's Peter Pan Platinum DVD,10,4,4,M0885,M1885
95dd748e-7c0d-482b-b967-1b668728d73a,3/17/2019,466507,Spider-Man 4gb flash drive,7,4,3,M0886,M1886
def0524e-4db9-4a41-9483-d7c6fb580a19,5/3/2019,806293,Bundle for hford14,20,6,3,M0887,M1887
5fb43a55-f9a7-47ef-82d8-517fb0e58b06,4/13/2019,459635,Brazilian Virgin Hair Body Wave Lace,15,2,1,M0888,M1888
e504cc5f-af00-451a-94c5-4c7002ee870c,5/8/2019,1198743,10 Necklace Necklace Set,20,6,5,M0889,M1889
6d42957f-bda5-4531-ae99-52f9857398f0,1/5/2019,779611,Cute short set,8,1,2,M0890,M1890
0f7b49f3-7a8a-414a-87d6-ed8d703ce954,3/16/2019,697126,Mcuevas28,24,6,6,M0891,M1891
6446a848-5653-49bb-bf3e-1f8d25f8da98,3/7/2019,1325062,Brand new Hair bun making tool,5,9,1,M0892,M1892
3a3fa1fe-e490-4107-9688-d5e03e124d99,5/25/2019,1374953,THREE Curling Irons,12,1,7,M0893,M1893
a25f2c57-3e58-41d6-a798-9ae7182a81ef,3/27/2019,103831,Brand new printed flats free ship,7,5,8,M0894,M1894
2d4e36e2-888c-41a6-bd22-d6562b21bf73,1/21/2019,1474799,BUNDLED BATH SET/HOLD,82,7,8,M0895,M1895
9ebe88ae-b813-4d20-b562-9058d2d52739,4/6/2019,1124019,Lularoe TC Camera Leggings,40,7,8,M0896,M1896
d7759d8c-948c-4aea-b467-5bc2893c9365,6/11/2019,186480,SMALL NIKE PRO SHORTS NWT,22,1,4,M0897,M1897
1625acad-6ba1-424c-93cc-fbebc7c4f3ef,5/23/2019,480615,7c Nike Jordans Playoffs,20,7,5,M0898,M1898
20d48f79-d231-472b-84f5-7ca7342a0ab4,2/5/2019,675524,Metallic jewelry stand,14,7,3,M0899,M1899
2175f944-f446-408b-9926-7a046c0c1f06,5/8/2019,758464,NHL 16 - Xbox One,12,1,8,M0900,M1900
173a2ac2-291a-4924-92d8-4b4bae5316d1,1/16/2019,204136,Michael kors signature large tote,171,5,4,M0901,M1901
19819a8f-0dee-4f13-821c-ec3884e7ece8,3/21/2019,1160818,Contour palette 2 sponges,10,2,6,M0902,M1902
c844068a-9bfc-4fc1-b88e-86df69b96d7f,6/1/2019,733132,Tory burch,71,9,8,M0903,M1903
5d1c9d3d-dfff-4b73-a2d1-9f5f739922de,1/22/2019,994902,Timberland boots,76,1,8,M0904,M1904
a5e35a38-ae42-4444-8a65-11a5e0ee34de,2/2/2019,1408753,New! Women's yoga workout outfit S,17,4,1,M0905,M1905
0fb65249-7853-4de8-a586-705265b0caf2,3/30/2019,289759,Coach Brown Leather Tall Boots size 37,91,9,9,M0906,M1906
b1b37096-3abf-4963-8be0-92100177bd1c,3/13/2019,612974,Brand New Authentic Yu-Gi-Oh! Snapback,22,7,1,M0907,M1907
827510c7-5a00-4413-8ee5-4689c5f9e491,1/19/2019,1080881,Moon Child Glow Kit,26,2,3,M0908,M1908
ba5f4cf3-8627-4938-a658-9b23e9e84145,3/17/2019,824231,Kailyn Lowry Pride Over Pity,12,4,2,M0909,M1909
d85074d7-9668-4e6a-b047-c6045e6732e4,4/19/2019,6880,NUUD Lifeproof Case,45,2,9,M0910,M1910
3925e94b-4b5b-4fd5-a746-a00fae642a59,4/14/2019,527831,Under Armour Hoodie Medium,14,9,6,M0911,M1911
402af241-1ae8-4434-85fc-d65f62a8e77b,2/2/2019,936223,Off-White Jumpsuit-L,30,5,5,M0912,M1912
160ae531-2884-4781-9f7c-68fed90089f7,5/5/2019,1146651,Women's XS tiro pants,40,8,4,M0913,M1913
3308ad83-ffb9-4eeb-bd0b-7dc2f1e76280,1/14/2019,1191153,Moana DVD movie,14,8,6,M0914,M1914
d8083b6b-d63e-4c3f-bccf-573f01102dd1,3/11/2019,1390254,F/S Ghostbusters Slimer Funko Pop,10,3,8,M0915,M1915
0b36fc1e-8442-4197-bc9e-c31b2f5e414c,5/28/2019,503613,Body massager,12,6,6,M0916,M1916
8a0114b9-d3d6-4813-a71f-9e1f0d8be064,5/23/2019,86111,Workout tank,5,8,2,M0917,M1917
d7f8b2f4-25f6-4017-b9fb-5ace3007c9a3,5/3/2019,1031136,Ralph Lauren Card Holder,11,7,5,M0918,M1918
52e9bef5-89b6-4ed5-aebe-4174762d1426,6/14/2019,946498,"Any monogram 3""""x3""""",4,1,1,M0919,M1919
5662dbde-dbaf-4edf-9308-118ce51a38e6,4/5/2019,905294,Mickey & Minnie Mouse cookie cutters set,10,9,8,M0920,M1920
8c85630b-ca63-45ae-83a6-5da0f19aafc3,3/27/2019,1271615,COLOURPOP LIPSTICK - KAE,8,9,3,M0921,M1921
c2282f70-8280-4ac2-a546-5d2ae408b9a7,2/11/2019,888412,VS PINK LOGO Boyshort Large Panty,10,2,2,M0922,M1922
d60a6b31-f87c-47e2-ad03-771319a67518,4/11/2019,117588,Dc comic Batman & superman mini statue,55,7,3,M0923,M1923
3f8dfb89-12bd-42a9-a47a-4a685b77f390,2/11/2019,336930,Jo Malone Body Cream,17,3,7,M0924,M1924
a9494292-3ff5-4e64-acb1-b30a2d8b14c7,4/16/2019,1252916,NEW Doc Marten Grey Pascal Boots 6,66,5,5,M0925,M1925
549b7027-5557-481a-af93-a2bcc2be5a64,2/5/2019,102348,Playmobil Horses Set,13,6,8,M0926,M1926
47da2621-5e94-4db9-99ed-4f8e41516e10,4/7/2019,320676,Kylie Lip Kit - Brown Sugar,32,8,1,M0927,M1927
e49499b0-ee0d-41d9-8d74-e4883abeae2a,2/14/2019,957353,Twisted peppermint lotion,7,1,1,M0928,M1928
0723502a-86e8-42bc-a160-ee7214b8fa9f,4/16/2019,593919,Eyebrow/Eyelash Tint,16,4,6,M0929,M1929
7b6c23c2-ae54-426c-bc3d-03b402854eba,3/22/2019,550024,Betsey Johnson Wallet,14,1,8,M0930,M1930
99d898d6-0619-40bb-8ba7-794a7809e23e,1/12/2019,1035892,Fisher Price Barbie doctor nurse Case,12,4,9,M0931,M1931
8823209b-1c39-410c-81e3-eea3c39ea045,2/18/2019,597644,Freeship new vs fearless perfume,21,6,7,M0932,M1932
89ad405b-e49a-4c7a-84e9-ca038249f884,4/24/2019,43296,NWT Under ARMOUR Backpack Great Colors,36,4,8,M0933,M1933
91ea2e1e-f5cd-421e-bf01-18d392491183,2/24/2019,951420,XL Green American Flag Tee BUNDLE,16,6,2,M0934,M1934
4ed19d7e-ffb1-4499-abf6-3327e9bca3d0,2/1/2019,939852,VS tee,14,4,7,M0935,M1935
8d724dc4-acb6-4764-8b66-ace869fa0002,1/26/2019,1067210,BRIGHT CORAL VS PINK HALF ZIP,24,1,8,M0936,M1936
72852188-70c3-4f97-aec5-548b1f1c835a,6/5/2019,267943,W7 COLOUR ME BUFF Natural Nudes Palette,16,8,4,M0937,M1937
8fb8176a-a46d-4985-afc0-37a8f1c8032a,4/27/2019,317062,Pink Polaroid Camera,51,4,2,M0938,M1938
1d853744-ff70-4c35-8f0a-38aa7878498a,2/8/2019,33540,Lifeproof Nuud Case for Apple iPhone 6,13,5,5,M0939,M1939
fca8291c-3839-4ba3-baf2-4661e723cc5f,4/15/2019,959550,Urban Decay All Nighter Foundation (4.5),29,5,3,M0940,M1940
c16da29f-55ca-4a09-9f69-4d1497198856,1/11/2019,354969,Lularoe NWT OS halloween leggings,30,4,9,M0941,M1941
8e77f36a-bc88-4022-b010-25fb0dd32838,4/21/2019,741582,NWT Victoria's Secret tote,24,4,8,M0942,M1942
ebc1efd5-654c-410c-a08d-a6889eadbe0b,5/23/2019,1353134,New VS Sport Bra 34DD,26,4,5,M0943,M1943
af7c3129-5448-44f1-a0ce-3b632741ddb9,4/4/2019,699659,Doc mcstuffin clinic fall1903,39,9,3,M0944,M1944
aa54d1c1-5541-4de0-9291-cbd43566e3c1,2/11/2019,967238,VS Ultimate Leggings & Campus Tee - L,85,2,1,M0945,M1945
20a03fed-108f-47b5-979e-0b3633519067,3/23/2019,1171821,Dermalogica Microfoliant,10,4,7,M0946,M1946
cbf408c2-8518-4f9b-9df1-f9da6185edbf,6/13/2019,826710,MacBook White (2006),94,9,5,M0947,M1947
954adeee-f970-405b-9e76-6ea07632091c,1/21/2019,1400070,BNWT 3/4 Sleeve Jersey T Size L,20,9,7,M0948,M1948
cc938a3f-2dfb-439d-8d23-e509b82f5bbb,5/8/2019,559282,Victoria secret pink yoga pants w dvd,22,3,9,M0949,M1949
40db034e-81f1-40bb-8f92-4164789c95cf,3/31/2019,964810,Star Wars bb-8 bag,51,4,1,M0950,M1950
b94cfd21-8cc5-481d-b5c2-52b53e7113b3,5/16/2019,988402,Forever 21 blouse,12,1,4,M0951,M1951
9633fb26-67de-4090-8f3b-9c7813ab96a3,5/5/2019,831417,Vintage Gucci belt size medium,12,8,4,M0952,M1952
0e3da787-5aa4-4fff-9783-28e048a31cba,5/6/2019,1068861,Rose Gold Iphone 6/6s PLUS Glitter Decal,7,5,3,M0953,M1953
cc155470-7542-4d99-a215-e57fc8f470d6,3/26/2019,240382,Invader Zim Shirt,7,7,4,M0954,M1954
741cc5b7-9ea7-4187-9f14-ba4d25cf6267,3/9/2019,536175,Compression workout leggings,14,2,9,M0955,M1955
65b18c9d-03d6-4c7d-a7c0-334ea170434e,4/4/2019,1174754,Beanie- lululemon,15,8,8,M0956,M1956
97681cfb-9793-4a3a-8408-aa96b12a0966,5/16/2019,875661,NEW Blu-ray Disc Player/DVD W Streaming,40,9,8,M0957,M1957
528332f4-e19d-4dd7-9e40-ebcecc12efd5,1/29/2019,623806,New Strappy Cages Soft Green Bikini,28,2,5,M0958,M1958
93689ce3-2cfc-4a1d-92ef-1a6af99a9efb,3/6/2019,448316,Pandora Princess Ring,30,6,8,M0959,M1959
6a9adbef-0bc2-400b-8b6e-e3c392ac3889,4/30/2019,1459776,Purple Mermaid floam,10,6,4,M0960,M1960
e8e90433-4f86-4fe7-995b-b2b8eb40dc4e,4/18/2019,64045,Iphone Bundle 2 cases,25,5,9,M0961,M1961
43a2aa30-01ad-40cf-95af-959e2900eae1,5/8/2019,1226072,Free People lot,31,4,5,M0962,M1962
61c2c398-3db4-4dfe-badc-16af93d87cef,4/12/2019,584415,Cream Bronzer,12,3,1,M0963,M1963
403d6117-c9ef-45fb-a795-6f263d7d38aa,3/2/2019,674406,Holister Flowy Crop Top Blouse,12,7,8,M0964,M1964
3d0cf8d2-d4c2-4cca-9ceb-1639f00d94a2,1/24/2019,519413,No Boundaries Shorts,8,9,5,M0965,M1965
e9fc7f17-f95d-484d-a74d-8c5c3a591fe7,3/24/2019,847899,Nike Tanjun 7y,51,7,3,M0966,M1966
2d937538-7b70-4c25-8cf5-d5ba46e42dfa,6/6/2019,825648,Sperrys woman top-sider,20,5,1,M0967,M1967
32de1602-4002-4023-919f-f438338c3fb2,3/19/2019,289458,Dallas Cowboys women's jersey,45,3,5,M0968,M1968
64017ac8-537d-4ba1-beaf-a65087b50ac3,1/26/2019,578150,NEW CANDY K LIP KIT,13,9,5,M0969,M1969
1619c6e9-2532-453b-a666-678ec373f8d0,6/9/2019,1413383,LulaRoe XS Nicole NWT,39,4,8,M0970,M1970
13842145-6346-44f8-bb84-fde54dfdfb63,4/22/2019,1468044,HOLD FOR ANDREA - Motorcycle Jacket,26,3,9,M0971,M1971
c720c1d6-d8c7-41f1-89d6-63850eff9070,1/9/2019,1272390,Ear/ nose piercing gun,6,5,6,M0972,M1972
27c98255-f36d-4588-868a-e525a16b38a9,5/6/2019,1009728,Mens we the people tshirt 3xl,7,8,1,M0973,M1973
b65ba426-4e36-4800-acb5-f0072856bb71,5/30/2019,1175144,Lularoe BNIP Tween SPIDER WEBS,40,6,7,M0974,M1974
47c2054c-e1c1-4a89-984e-bc2769cd23e9,3/24/2019,1085020,Bloomingdales Hudson Park King Duvet,54,3,4,M0975,M1975
0e497734-6875-49fe-ba6d-1b58cab6e426,2/25/2019,1009054,Authentic Nike Elite basketball Shorts,11,4,5,M0976,M1976
d76bad80-ddaa-4502-ba32-5108bd4858d5,6/14/2019,1235999,FS-Fuzzy Key Chain,5,3,8,M0977,M1977
ba5f8896-50a9-49c9-b592-de588441ab5d,1/9/2019,623360,Funko Pop Star Wars #08 Boba Fett,12,6,6,M0978,M1978
35307d19-6004-4c9b-b35a-ce60a8409a79,5/31/2019,349826,Lane Bryant top,14,2,6,M0979,M1979
3d4a1e08-f152-4fe0-8d9c-ebcc0fd34c69,3/4/2019,974253,Adidas Los Angeles,21,9,1,M0980,M1980
997d6e1b-197a-4578-824f-cea7bb03d16f,3/15/2019,404502,PYREX SNOWFLAKE GARLAND CREAMER/S&P/PLT,18,1,6,M0981,M1981
6b9d0336-9f5d-45fa-9534-b198cd0d447a,2/27/2019,250357,Nintendo nes,62,4,8,M0982,M1982
ed30c6dc-c697-4232-9822-b95db492884a,4/13/2019,1326597,2/ [rm] Victoria's Secret 34C,15,7,8,M0983,M1983
2efd242f-f167-4dac-9693-fef67cd298a4,1/2/2019,1472443,Modern Muse Est??e Lauder Perfume,7,1,7,M0984,M1984
d573e430-6762-425e-a8dd-f81afd392c27,5/2/2019,815052,Comfy Cardigan,11,2,5,M0985,M1985
85309a94-8986-45c6-8e6a-c70c3551a893,1/6/2019,701047,Sealed NYX soft matte lip crm Amsterdam,8,6,2,M0986,M1986
2433d171-5b2a-4ff9-beb3-fa1071008147,5/2/2019,298427,Purse,21,1,3,M0987,M1987
59a2e935-8a3e-4a63-b739-92058284931c,4/24/2019,516320,Chakra mug,10,3,3,M0988,M1988
57d9ec28-6a39-4b8f-addf-4ffa0d0d3325,1/21/2019,1066986,Red plaid crop top,8,4,8,M0989,M1989
cb61402e-8d63-4873-a692-ae633274ada1,3/14/2019,894531,ADIDAS NMD R1 BLACK,166,4,6,M0990,M1990
e15e4581-710d-4966-8333-d513bda93394,6/4/2019,683135,3 pack baby boy feeding bibs,3,1,8,M0991,M1991
72a66798-50e4-4827-be01-ed06bf04cda7,5/6/2019,903157,Gray Marble iPhone 6 Plus Case,8,8,8,M0992,M1992
0e39198a-4ba2-4b50-9afb-6a6ef57c14d2,2/6/2019,1157257,LuLaRoe classic t,15,2,3,M0993,M1993
e7090d47-2082-4f9e-bfc5-e84c79fb3a21,4/3/2019,1424337,Purple warm carters onesie+ pacifiers,10,6,3,M0994,M1994
e2bdfac9-b077-4401-841c-a14b9489aff2,3/12/2019,1166,NIB Double heart ?????? rose gold bracelet!,10,9,9,M0995,M1995
3ac36f74-bf46-4b0f-bbf1-582d6a90f4a0,1/6/2019,555495,Backpack,41,2,4,M0996,M1996
d420c6a2-879a-4a57-a754-607cbbae0ded,1/24/2019,136405,James Avery sterling 2011 heart charm,29,1,1,M0997,M1997
12101660-6371-4089-a686-53ae7ca6a50a,1/8/2019,499218,Lanc??me high resolution bundle,16,4,4,M0998,M1998
40ee607c-f489-4d7f-b7e1-d2998244877b,5/12/2019,542318,Lego Juniors Ariel Disney Princess Set,12,9,4,M0999,M1999
00c7004d-c520-41df-893b-03a1f7c34c08,3/10/2019,1167865,Playboy bunny pink faux fur blanket soft,34,1,6,M1000,M2000
